,Time,ULT,LLT,Upper Layer Temperature,Upper Layer Temperature,Layer Height,Layer Height,Layer Height,Pressure,Pressure,Pressure,HRR,O2 Upper Layer,O2 Upper Layer,CO2 Lower Layer,Target Surface Temperature,Target Total Flux,Trace Species Upper Layer,Trace Species Lower Layer,Trace Species Upper Layer,Trace Species Lower Layer,Trace Species Upper Layer,Trace Species Lower Layer,Total Trace,Total Trace,Total Trace,MVENT Trace Species Filtered,Total Trace Species Released
,,Process Room,Process Room,Airlock,Corridor,Process Room,Airlock,Corridor,Process Room,Airlock,Corridor,TRASH500,Process Room,Airlock,Process Room,Target 1,Target 1,Process Room,Process Room,Airlock,Airlock,Corridor,Corridor,Process Room,Airlock,Corridor,Fan at Node 1,TRASH500
min,s,C,C,C,C,m,m,m,Pa,Pa,Pa,W,mol %,mol %,mol %,C,W,kg,kg,kg,kg,kg,kg,kg,kg,kg,kg,kg
0.00,,20.00,20.00,20.00,20.00,2.60,2.44,2.44,-32.41,-27.98,-23.56,0.00,20.48,20.48,0.00,20.00,0.00,0.00,0.00,0.00,0.00,0.00,0.00,0.00,0.00,0.00,0.00,0.00
0.08,4.80,20.00,20.00,20.00,20.00,2.60,2.44,2.44,-32.41,-27.98,-23.56,0.00,20.48,20.48,0.00,20.00,0.00,0.00,0.00,0.00,0.00,0.00,0.00,0.00,0.00,0.00,0.00,0.00
0.17,10.20,20.00,20.00,20.00,20.00,2.60,2.44,2.44,-32.41,-27.98,-23.56,0.00,20.48,20.48,0.00,20.00,0.00,0.00,0.00,0.00,0.00,0.00,0.00,0.00,0.00,0.00,0.00,0.00
0.25,15.00,20.00,20.00,20.00,20.00,2.60,2.44,2.44,-32.41,-27.98,-23.56,0.00,20.48,20.48,0.00,20.00,0.00,0.00,0.00,0.00,0.00,0.00,0.00,0.00,0.00,0.00,0.00,0.00
0.33,19.80,20.00,20.00,20.00,20.00,2.60,2.44,2.44,-32.41,-27.98,-23.56,0.00,20.48,20.48,0.00,20.00,0.00,0.00,0.00,0.00,0.00,0.00,0.00,0.00,0.00,0.00,0.00,0.00
0.42,25.20,20.00,20.00,20.00,20.00,2.60,2.44,2.44,-32.41,-27.98,-23.56,0.00,20.48,20.48,0.00,20.00,0.00,0.00,0.00,0.00,0.00,0.00,0.00,0.00,0.00,0.00,0.00,0.00
0.50,30.00,20.00,20.00,20.00,20.00,2.60,2.44,2.44,-32.41,-27.98,-23.56,0.00,20.48,20.48,0.00,20.00,0.00,0.00,0.00,0.00,0.00,0.00,0.00,0.00,0.00,0.00,0.00,0.00
0.58,34.80,21.87,20.01,20.00,20.00,2.42,2.44,2.44,-26.47,-23.00,-19.50,2166.23,20.46,20.48,0.00,27.90,0.07,0.00,0.00,0.00,0.00,0.00,0.00,0.00,0.00,0.00,0.00,0.00
0.67,40.20,23.35,20.03,20.00,20.00,2.20,2.44,2.44,-20.09,-17.45,-14.79,4276.95,20.44,20.48,0.00,34.33,0.14,0.00,0.00,0.00,0.00,0.00,0.00,0.00,0.00,0.00,0.00,0.00
0.75,45.00,24.99,20.07,20.00,20.00,2.00,2.44,2.44,-14.82,-12.86,-10.88,6332.16,20.42,20.48,0.00,40.10,0.20,0.00,0.00,0.00,0.00,0.00,0.00,0.00,0.00,0.00,0.00,0.00
0.83,49.80,26.80,20.12,20.00,20.00,1.83,2.44,2.44,-10.66,-9.23,-7.78,8331.84,20.40,20.48,0.00,45.41,0.27,0.00,0.00,0.00,0.00,0.00,0.00,0.00,0.00,0.00,0.00,0.00
0.92,55.20,28.80,20.18,20.00,20.00,1.68,2.44,2.44,-7.43,-6.40,-5.36,10276.00,20.38,20.48,0.00,50.36,0.33,0.00,0.00,0.00,0.00,0.00,0.00,0.00,0.00,0.00,0.00,0.00
1.00,60.00,30.98,20.26,20.00,20.00,1.55,2.44,2.44,-5.00,-4.26,-3.52,12164.70,20.35,20.48,0.00,55.01,0.40,0.00,0.00,0.00,0.00,0.00,0.00,0.00,0.00,0.00,0.00,0.00
1.08,64.80,33.34,20.36,20.00,20.00,1.44,2.44,2.44,-3.26,-2.72,-2.18,13997.80,20.32,20.48,0.00,59.43,0.46,0.00,0.00,0.00,0.00,0.00,0.00,0.00,0.00,0.00,0.00,0.00
1.17,70.20,36.35,20.48,20.00,20.41,1.33,2.44,2.44,-0.47,-0.24,-0.01,19735.60,20.28,20.48,0.00,72.03,0.64,0.00,0.00,0.00,0.00,0.00,0.00,0.00,0.00,0.00,0.00,0.00
1.25,75.00,40.42,20.64,20.00,21.12,1.24,2.44,2.44,1.54,1.45,1.36,25608.10,20.23,20.48,0.00,84.04,0.84,0.00,0.00,0.00,0.00,0.00,0.00,0.00,0.00,0.00,0.00,0.00
1.33,79.80,45.44,20.86,20.00,22.03,1.16,2.44,2.44,7.36,6.47,5.60,31615.10,20.17,20.48,0.00,95.60,1.04,0.00,0.00,0.00,0.00,0.00,0.00,0.00,0.00,0.00,0.00,0.00
1.42,85.20,51.19,21.13,20.00,23.17,1.08,2.44,2.43,16.31,14.18,12.09,37756.70,20.09,20.48,0.00,106.81,1.24,0.00,0.00,0.00,0.00,0.00,0.00,0.00,0.00,0.00,0.00,0.00
1.50,90.00,57.57,21.46,20.00,24.40,1.00,2.44,2.43,26.57,23.02,19.53,44032.90,20.01,20.48,0.00,131.24,1.61,0.00,0.00,0.00,0.00,0.00,0.00,0.00,0.00,0.00,0.00,0.00
1.58,94.80,64.56,21.87,20.00,25.71,0.93,2.44,2.43,38.15,33.02,27.94,50443.50,19.92,20.48,0.00,143.51,1.87,0.00,0.00,0.00,0.00,0.00,0.00,0.00,0.00,0.00,0.00,0.00
1.67,100.20,72.16,22.36,20.00,26.97,0.87,2.44,2.42,50.80,43.89,37.05,56988.60,19.81,20.48,0.00,155.50,2.14,0.00,0.00,0.00,0.00,0.00,0.00,0.00,0.00,0.00,0.00,0.00
1.75,105.00,80.71,22.98,20.00,28.60,0.80,2.44,2.42,78.92,67.51,56.34,67284.80,19.69,20.48,0.00,171.82,2.53,0.00,0.00,0.00,0.00,0.00,0.00,0.00,0.00,0.00,0.00,0.00
1.83,109.80,90.39,23.75,20.00,30.60,0.74,2.44,2.41,113.76,97.35,81.21,77575.80,19.55,20.48,0.00,187.25,2.93,0.00,0.00,0.00,0.00,0.00,0.00,0.00,0.00,0.00,0.00,0.00
1.92,115.20,101.13,24.64,20.00,32.74,0.67,2.44,2.40,148.97,127.71,106.67,87861.60,19.39,20.48,0.00,202.18,3.36,0.00,0.00,0.00,0.00,0.00,0.00,0.00,0.00,0.00,0.00,0.00
2.00,120.00,112.96,25.65,20.00,34.96,0.61,2.44,2.39,182.58,156.79,131.13,98142.00,19.21,20.48,0.00,216.04,3.78,0.00,0.00,0.00,0.00,0.00,0.00,0.00,0.00,0.00,0.00,0.00
2.08,124.80,125.95,26.83,20.00,37.24,0.56,2.44,2.39,211.62,182.20,152.71,108417.00,19.00,20.48,0.00,229.36,4.22,0.00,0.00,0.00,0.00,0.00,0.00,0.00,0.00,0.00,0.00,0.00
2.17,130.20,140.38,28.28,20.00,39.51,0.52,2.44,2.38,232.13,200.58,168.63,118685.00,18.76,20.48,0.00,242.16,4.67,0.00,0.00,0.00,0.00,0.00,0.00,0.00,0.00,0.00,0.00,0.00
2.25,135.00,156.68,29.89,20.00,41.70,0.49,2.44,2.37,237.95,206.57,174.41,129000.00,18.47,20.48,0.00,255.07,5.16,0.00,0.00,0.00,0.00,0.00,0.00,0.00,0.00,0.00,0.00,0.00
2.33,139.80,173.90,31.73,20.00,43.91,0.47,2.44,2.36,248.63,215.18,180.98,143214.00,18.14,20.48,0.00,270.68,5.79,0.00,0.00,0.00,0.00,0.00,0.00,0.00,0.00,0.00,0.00,0.00
2.42,145.20,191.93,33.82,20.00,46.18,0.45,2.44,2.35,253.71,220.34,185.84,157452.00,17.76,20.48,0.00,285.80,6.46,0.00,0.00,0.00,0.00,0.00,0.00,0.00,0.00,0.00,0.00,0.00
2.50,150.00,210.27,36.18,20.00,48.29,0.42,2.44,2.35,242.06,211.18,178.79,171714.00,17.34,20.48,0.00,300.46,7.15,0.00,0.00,0.00,0.00,0.00,0.00,0.00,0.00,0.00,0.00,0.00
2.58,154.80,228.34,38.86,20.01,49.94,0.40,2.44,2.34,212.34,186.30,158.51,185999.00,16.87,20.48,0.00,314.57,7.86,0.00,0.00,0.00,0.00,0.00,0.00,0.00,0.00,0.00,0.00,0.00
2.67,160.20,245.49,41.89,20.01,50.92,0.39,2.44,2.34,168.75,148.37,126.38,200309.00,16.35,20.48,0.00,328.13,8.59,0.00,0.00,0.00,0.00,0.00,0.00,0.00,0.00,0.00,0.00,0.00
2.75,165.00,261.40,45.30,20.01,51.27,0.37,2.44,2.33,123.07,108.37,92.38,214642.00,15.78,20.48,0.00,341.02,9.32,0.00,0.00,0.00,0.00,0.00,0.00,0.00,0.00,0.00,0.00,0.00
2.83,169.80,275.81,49.10,20.01,51.02,0.36,2.44,2.33,81.87,72.17,61.59,229000.00,15.15,20.48,0.00,353.15,10.05,0.00,0.00,0.00,0.00,0.00,0.00,0.00,0.00,0.00,0.00,0.00
2.92,175.20,289.17,53.31,20.01,50.55,0.35,2.44,2.32,61.86,54.24,46.05,247296.00,14.47,20.48,0.00,366.27,10.88,0.00,0.00,0.00,0.00,0.00,0.00,0.00,0.00,0.00,0.00,0.00
3.00,180.00,301.76,57.94,20.01,50.07,0.35,2.44,2.32,47.77,42.17,36.14,265636.00,13.73,20.48,0.00,378.64,11.70,0.00,0.00,0.00,0.00,0.00,0.00,0.00,0.00,0.00,0.00,0.00
3.08,184.80,313.44,62.96,20.01,49.52,0.34,2.44,2.32,35.05,31.23,27.11,284021.00,12.91,20.48,0.00,390.18,12.51,0.00,0.00,0.00,0.00,0.00,0.00,0.00,0.00,0.00,0.00,0.00
3.17,190.20,324.29,68.37,20.02,48.96,0.34,2.44,2.31,25.97,23.43,20.70,302449.00,12.04,20.48,0.00,400.95,13.30,0.00,0.00,0.00,0.00,0.00,0.00,0.00,0.00,0.00,0.00,0.00
3.25,195.00,334.32,74.11,20.02,48.40,0.34,2.44,2.31,18.60,17.09,15.49,320922.00,11.10,20.48,0.00,410.84,14.06,0.00,0.00,0.00,0.00,0.00,0.00,0.00,0.00,0.00,0.00,0.00
3.33,199.80,290.05,68.65,20.02,43.25,0.40,2.44,2.32,-781.81,-651.91,-527.31,101295.00,10.88,20.48,0.00,303.48,7.47,0.00,0.00,0.00,0.00,0.00,0.00,0.00,0.00,0.00,0.00,0.00
3.42,205.20,254.23,64.42,20.02,38.98,0.46,2.44,2.33,-735.82,-656.50,-571.69,67954.40,10.83,20.48,0.01,261.76,5.61,0.00,0.00,0.00,0.00,0.00,0.00,0.00,0.00,0.00,0.00,0.00
3.50,210.00,230.93,62.42,20.03,35.81,0.51,2.44,2.34,-397.85,-391.85,-378.57,97889.50,10.75,20.48,0.01,265.39,5.68,0.00,0.00,0.00,0.00,0.00,0.00,0.00,0.00,0.00,0.00,0.01
3.58,214.80,229.11,64.06,20.03,33.62,0.52,2.44,2.34,-33.62,-29.52,-24.10,119223.00,10.47,20.48,0.01,276.47,6.12,0.00,0.00,0.00,0.00,0.00,0.00,0.00,0.00,0.00,0.00,0.01
3.67,220.20,229.28,65.53,20.02,34.82,0.52,2.44,2.34,-8.27,-4.39,-0.24,122306.00,10.17,20.48,0.01,278.10,6.18,0.01,0.00,0.00,0.00,0.00,0.00,0.01,0.00,0.00,0.00,0.01
3.75,225.00,229.60,66.86,20.03,36.08,0.52,2.44,2.34,-8.41,-4.54,-0.40,123249.00,9.87,20.48,0.01,278.64,6.21,0.01,0.00,0.00,0.00,0.00,0.00,0.01,0.00,0.00,0.00,0.01
3.83,229.80,229.91,68.09,20.03,36.92,0.52,2.44,2.34,-8.49,-4.63,-0.53,123984.00,9.56,20.48,0.01,279.08,6.23,0.01,0.00,0.00,0.00,0.00,0.00,0.01,0.00,0.00,0.00,0.01
3.92,235.20,230.20,69.24,20.03,37.51,0.52,2.44,2.34,-8.45,-4.63,-0.58,124623.00,9.25,20.48,0.01,279.46,6.24,0.01,0.00,0.00,0.00,0.00,0.00,0.01,0.00,0.00,0.00,0.01
4.00,240.00,230.45,70.30,20.03,37.83,0.52,2.44,2.34,-9.11,-5.17,-0.99,124494.00,8.94,20.48,0.01,279.42,6.24,0.01,0.00,0.00,0.00,0.00,0.00,0.01,0.00,0.00,0.00,0.01
4.08,244.80,230.57,71.26,20.03,37.81,0.52,2.44,2.33,-9.60,-5.57,-1.31,124353.00,8.64,20.48,0.01,279.31,6.24,0.01,0.00,0.00,0.00,0.00,0.00,0.01,0.00,0.00,0.00,0.01
4.17,250.20,230.63,72.16,20.03,37.63,0.52,2.44,2.33,-9.93,-5.84,-1.52,124160.00,8.34,20.48,0.01,279.15,6.23,0.01,0.00,0.00,0.00,0.00,0.00,0.01,0.00,0.00,0.00,0.01
4.25,255.00,230.66,72.98,20.03,37.38,0.52,2.44,2.33,-10.16,-6.02,-1.67,123922.00,8.05,20.48,0.01,278.94,6.22,0.01,0.00,0.00,0.00,0.00,0.00,0.01,0.00,0.00,0.00,0.01
4.33,259.80,230.67,73.76,20.03,37.09,0.52,2.44,2.33,-10.31,-6.14,-1.76,123658.00,7.77,20.48,0.01,278.72,6.21,0.01,0.00,0.00,0.00,0.00,0.00,0.01,0.00,0.00,0.00,0.01
4.42,265.20,230.67,74.48,20.03,36.78,0.52,2.44,2.33,-10.41,-6.21,-1.81,123382.00,7.49,20.48,0.01,278.48,6.20,0.01,0.00,0.00,0.00,0.00,0.00,0.01,0.00,0.00,0.00,0.01
4.50,270.00,230.67,75.16,20.03,36.49,0.52,2.44,2.33,-10.46,-6.24,-1.83,123103.00,7.22,20.48,0.01,278.24,6.19,0.01,0.00,0.00,0.00,0.00,0.00,0.01,0.00,0.00,0.00,0.01
4.58,274.80,230.67,75.80,20.03,36.21,0.51,2.44,2.33,-10.48,-6.25,-1.83,122828.00,6.95,20.48,0.01,278.01,6.18,0.01,0.00,0.00,0.00,0.00,0.00,0.01,0.00,0.00,0.00,0.01
4.67,280.20,230.68,76.41,20.03,35.94,0.51,2.44,2.33,-10.48,-6.24,-1.82,122562.00,6.69,20.48,0.01,277.79,6.17,0.01,0.00,0.00,0.00,0.00,0.00,0.01,0.00,0.00,0.00,0.01
4.75,285.00,230.71,76.99,20.03,35.70,0.51,2.44,2.33,-10.46,-6.21,-1.79,122309.00,6.43,20.48,0.01,277.58,6.17,0.01,0.00,0.00,0.00,0.00,0.00,0.01,0.00,0.00,0.00,0.01
4.83,289.80,230.75,77.55,20.03,35.47,0.51,2.44,2.33,-10.43,-6.18,-1.77,122069.00,6.18,20.48,0.01,277.39,6.16,0.01,0.00,0.00,0.00,0.00,0.00,0.01,0.00,0.00,0.00,0.01
4.92,295.20,230.81,78.08,20.04,35.27,0.51,2.44,2.33,-10.40,-6.15,-1.74,121845.00,5.93,20.48,0.01,277.22,6.15,0.01,0.00,0.00,0.00,0.00,0.00,0.01,0.00,0.00,0.00,0.01
5.00,300.00,230.89,78.60,20.04,35.07,0.51,2.44,2.33,-10.36,-6.11,-1.71,121636.00,5.69,20.48,0.01,277.07,6.15,0.01,0.00,0.00,0.00,0.00,0.00,0.01,0.00,0.00,0.00,0.01
5.08,304.80,230.99,79.10,20.04,34.89,0.51,2.44,2.33,-10.32,-6.07,-1.68,121444.00,5.45,20.48,0.01,276.94,6.14,0.01,0.00,0.00,0.00,0.00,0.00,0.01,0.00,0.00,0.00,0.01
5.17,310.20,231.11,79.58,20.04,34.72,0.51,2.44,2.33,-10.28,-6.04,-1.65,121266.00,5.22,20.48,0.01,276.83,6.14,0.01,0.00,0.00,0.00,0.00,0.00,0.01,0.00,0.00,0.00,0.02
5.25,315.00,231.24,80.05,20.04,34.56,0.51,2.44,2.32,-10.24,-6.00,-1.62,121103.00,4.99,20.48,0.01,276.73,6.13,0.01,0.00,0.00,0.00,0.00,0.00,0.01,0.00,0.00,0.00,0.02
5.33,319.80,231.39,80.51,20.04,34.41,0.51,2.44,2.32,-10.20,-5.96,-1.59,120954.00,4.77,20.48,0.01,276.66,6.13,0.01,0.00,0.00,0.00,0.00,0.00,0.01,0.00,0.00,0.00,0.02
5.42,325.20,231.56,80.96,20.04,34.26,0.51,2.44,2.32,-10.16,-5.93,-1.57,120819.00,4.55,20.48,0.01,276.61,6.13,0.01,0.00,0.00,0.00,0.00,0.00,0.01,0.00,0.00,0.00,0.02
5.50,330.00,231.74,81.41,20.04,34.11,0.51,2.44,2.32,-10.13,-5.90,-1.55,120696.00,4.34,20.48,0.01,276.57,6.13,0.01,0.00,0.00,0.00,0.00,0.00,0.01,0.00,0.00,0.00,0.02
5.58,334.80,231.94,81.84,20.04,33.97,0.51,2.44,2.32,-10.09,-5.87,-1.52,120584.00,4.13,20.48,0.01,276.55,6.13,0.01,0.00,0.00,0.00,0.00,0.00,0.01,0.00,0.00,0.00,0.02
5.67,340.20,232.16,82.27,20.04,33.84,0.51,2.44,2.32,-10.06,-5.84,-1.50,120484.00,3.92,20.48,0.01,276.54,6.13,0.01,0.00,0.00,0.00,0.00,0.00,0.01,0.00,0.00,0.00,0.02
5.75,345.00,232.38,82.70,20.04,33.70,0.51,2.44,2.32,-10.03,-5.81,-1.48,120393.00,3.71,20.48,0.01,276.55,6.13,0.02,0.00,0.00,0.00,0.00,0.00,0.02,0.00,0.00,0.00,0.02
5.83,349.80,232.62,83.11,20.04,33.57,0.51,2.44,2.32,-10.00,-5.79,-1.46,120311.00,3.51,20.48,0.01,276.57,6.13,0.02,0.00,0.00,0.00,0.00,0.00,0.02,0.00,0.00,0.00,0.02
5.92,355.20,232.88,83.53,20.04,33.44,0.51,2.44,2.32,-9.98,-5.76,-1.45,120238.00,3.32,20.48,0.01,276.61,6.13,0.02,0.00,0.00,0.00,0.00,0.00,0.02,0.00,0.00,0.00,0.02
6.00,360.00,233.14,83.94,20.04,33.31,0.51,2.44,2.32,-9.95,-5.74,-1.43,120173.00,3.12,20.48,0.01,276.66,6.13,0.02,0.00,0.00,0.00,0.00,0.00,0.02,0.00,0.00,0.00,0.02
6.08,364.80,233.41,84.35,20.04,33.18,0.51,2.44,2.32,-9.93,-5.72,-1.41,120114.00,2.93,20.48,0.01,276.72,6.14,0.02,0.00,0.00,0.00,0.00,0.00,0.02,0.00,0.00,0.00,0.02
6.17,370.20,233.69,84.76,20.04,33.05,0.51,2.44,2.32,-9.91,-5.70,-1.40,120062.00,2.75,20.48,0.01,276.79,6.14,0.02,0.00,0.00,0.00,0.00,0.00,0.02,0.00,0.00,0.00,0.02
6.25,375.00,233.99,85.16,20.04,32.92,0.51,2.44,2.32,-9.89,-5.68,-1.38,120016.00,2.56,20.48,0.01,276.87,6.14,0.02,0.00,0.00,0.00,0.00,0.00,0.02,0.00,0.00,0.00,0.02
6.33,379.80,234.29,85.56,20.04,32.80,0.51,2.44,2.31,-9.87,-5.66,-1.37,119975.00,2.38,20.48,0.01,276.96,6.15,0.02,0.00,0.00,0.00,0.00,0.00,0.02,0.00,0.00,0.00,0.02
6.42,385.20,234.59,85.96,20.04,32.67,0.51,2.44,2.31,-9.85,-5.64,-1.36,119939.00,2.20,20.48,0.01,277.06,6.15,0.02,0.00,0.00,0.00,0.00,0.00,0.02,0.00,0.00,0.00,0.02
6.50,390.00,234.91,86.36,20.04,32.55,0.51,2.44,2.31,-9.83,-5.63,-1.35,119908.00,2.03,20.48,0.01,277.16,6.16,0.02,0.00,0.00,0.00,0.00,0.00,0.02,0.00,0.00,0.00,0.02
6.58,394.80,235.23,86.75,20.04,32.43,0.51,2.44,2.31,-9.82,-5.61,-1.33,119880.00,1.86,20.48,0.01,277.28,6.16,0.02,0.00,0.00,0.00,0.00,0.00,0.02,0.00,0.00,0.00,0.02
6.67,400.20,235.55,87.15,20.04,32.31,0.51,2.44,2.31,-9.81,-5.61,-1.33,119870.00,1.69,20.48,0.01,277.38,6.17,0.02,0.00,0.00,0.00,0.00,0.00,0.02,0.00,0.00,0.00,0.03
6.75,405.00,235.88,87.54,20.04,32.19,0.51,2.44,2.31,-9.79,-5.59,-1.31,119849.00,1.53,20.48,0.01,277.51,6.18,0.02,0.00,0.00,0.00,0.00,0.00,0.02,0.00,0.00,0.01,0.03
6.83,409.80,236.22,87.93,20.04,32.07,0.51,2.44,2.31,-9.78,-5.57,-1.30,119829.00,1.36,20.48,0.01,277.64,6.18,0.02,0.00,0.00,0.00,0.00,0.00,0.02,0.00,0.00,0.01,0.03
6.92,415.20,236.56,88.33,20.04,31.96,0.51,2.44,2.31,-9.76,-5.56,-1.29,119812.00,1.20,20.48,0.01,277.78,6.19,0.02,0.00,0.00,0.00,0.00,0.00,0.02,0.00,0.00,0.01,0.03
7.00,420.00,236.90,88.72,20.04,31.85,0.51,2.44,2.31,-9.75,-5.55,-1.28,119798.00,1.04,20.48,0.01,277.93,6.20,0.02,0.00,0.00,0.00,0.00,0.00,0.02,0.00,0.00,0.01,0.03
7.08,424.80,237.25,89.11,20.04,31.75,0.51,2.44,2.31,-9.74,-5.53,-1.27,119786.00,0.89,20.48,0.01,278.08,6.20,0.02,0.00,0.00,0.00,0.00,0.00,0.02,0.00,0.00,0.01,0.03
7.17,430.20,237.61,89.49,20.04,31.64,0.51,2.44,2.31,-9.73,-5.52,-1.26,119776.00,0.74,20.48,0.01,278.24,6.21,0.02,0.00,0.00,0.00,0.00,0.00,0.02,0.00,0.00,0.01,0.03
7.25,435.00,237.96,89.88,20.04,31.55,0.51,2.44,2.31,-9.72,-5.51,-1.25,119768.00,0.59,20.48,0.01,278.40,6.22,0.02,0.00,0.00,0.00,0.00,0.00,0.02,0.00,0.00,0.01,0.03
7.33,439.80,238.32,90.27,20.04,31.45,0.51,2.44,2.30,-9.71,-5.50,-1.23,119762.00,0.44,20.48,0.00,278.57,6.22,0.02,0.00,0.00,0.00,0.00,0.00,0.02,0.00,0.00,0.01,0.03
7.42,445.20,238.68,90.65,20.04,31.36,0.51,2.44,2.30,-9.70,-5.48,-1.22,119757.00,0.29,20.48,0.00,278.73,6.23,0.02,0.00,0.00,0.00,0.00,0.00,0.02,0.00,0.00,0.01,0.03
7.50,450.00,239.05,91.04,20.04,31.28,0.51,2.44,2.30,-9.68,-5.47,-1.21,119754.00,0.15,20.48,0.00,278.91,6.24,0.02,0.00,0.00,0.00,0.00,0.00,0.02,0.00,0.00,0.01,0.03
7.58,454.80,239.41,91.42,20.04,31.20,0.51,2.44,2.30,-9.67,-5.46,-1.20,119752.00,0.01,20.48,0.00,279.08,6.25,0.02,0.00,0.00,0.00,0.00,0.00,0.02,0.00,0.00,0.01,0.03
7.67,460.20,239.78,91.80,20.04,31.13,0.51,2.44,2.30,-9.65,-5.44,-1.18,119737.00,0.00,20.48,0.00,279.29,6.26,0.02,0.00,0.00,0.00,0.00,0.00,0.02,0.00,0.00,0.01,0.03
7.75,465.00,240.15,92.19,20.04,31.07,0.51,2.44,2.30,-9.64,-5.42,-1.16,119722.00,0.00,20.48,0.00,279.50,6.27,0.02,0.00,0.00,0.00,0.00,0.00,0.02,0.00,0.00,0.01,0.03
7.83,469.80,240.53,92.57,20.04,31.02,0.51,2.44,2.30,-9.62,-5.40,-1.15,119710.00,0.00,20.48,0.00,279.71,6.28,0.02,0.00,0.00,0.00,0.00,0.00,0.02,0.00,0.00,0.01,0.03
7.92,475.20,240.91,92.94,20.04,30.98,0.51,2.44,2.30,-9.60,-5.38,-1.13,119701.00,0.00,20.48,0.00,279.93,6.29,0.02,0.00,0.00,0.00,0.00,0.00,0.02,0.00,0.00,0.01,0.03
8.00,480.00,241.29,93.32,20.04,30.95,0.51,2.44,2.30,-9.59,-5.37,-1.11,119695.00,0.00,20.48,0.00,280.15,6.30,0.02,0.00,0.00,0.00,0.00,0.00,0.02,0.00,0.00,0.01,0.03
8.08,484.80,241.67,93.70,20.04,30.92,0.51,2.44,2.30,-9.57,-5.35,-1.10,119690.00,0.00,20.48,0.00,280.38,6.31,0.02,0.00,0.00,0.00,0.00,0.00,0.02,0.00,0.00,0.01,0.03
8.17,490.20,242.05,94.07,20.04,30.91,0.51,2.44,2.30,-9.57,-5.34,-1.09,119688.00,0.00,20.48,0.00,280.60,6.32,0.02,0.00,0.00,0.00,0.00,0.00,0.02,0.00,0.00,0.01,0.03
8.25,495.00,242.44,94.45,20.04,30.90,0.51,2.44,2.30,-9.56,-5.33,-1.08,119687.00,0.00,20.48,0.00,280.83,6.33,0.02,0.00,0.00,0.00,0.00,0.00,0.02,0.00,0.00,0.01,0.04
8.33,499.80,242.82,94.82,20.04,30.89,0.51,2.44,2.29,-9.55,-5.33,-1.07,119688.00,0.00,20.48,0.00,281.07,6.34,0.02,0.00,0.00,0.00,0.00,0.00,0.02,0.00,0.00,0.01,0.04
8.42,505.20,243.21,95.19,20.04,30.89,0.51,2.44,2.29,-9.55,-5.32,-1.06,119690.00,0.00,20.48,0.00,281.30,6.35,0.02,0.00,0.00,0.00,0.00,0.00,0.02,0.00,0.00,0.01,0.04
8.50,510.00,243.60,95.56,20.04,30.89,0.51,2.44,2.29,-9.54,-5.31,-1.05,119693.00,0.00,20.48,0.00,281.54,6.36,0.02,0.00,0.00,0.00,0.00,0.00,0.02,0.00,0.00,0.01,0.04
8.58,514.80,243.98,95.93,20.04,30.89,0.51,2.44,2.29,-9.54,-5.31,-1.05,119697.00,0.00,20.48,0.00,281.78,6.37,0.02,0.00,0.00,0.00,0.00,0.00,0.02,0.00,0.00,0.01,0.04
8.67,520.20,244.37,96.30,20.04,30.90,0.51,2.44,2.29,-9.54,-5.30,-1.04,119702.00,0.00,20.48,0.00,282.02,6.38,0.02,0.00,0.00,0.00,0.00,0.00,0.02,0.00,0.00,0.01,0.04
8.75,525.00,244.76,96.67,20.04,30.91,0.51,2.44,2.29,-9.54,-5.30,-1.04,119707.00,0.00,20.48,0.00,282.26,6.40,0.02,0.00,0.00,0.00,0.00,0.00,0.02,0.00,0.00,0.01,0.04
8.83,529.80,245.15,97.04,20.04,30.91,0.51,2.44,2.29,-9.54,-5.30,-1.03,119713.00,0.00,20.48,0.00,282.51,6.41,0.02,0.00,0.00,0.00,0.00,0.00,0.02,0.00,0.00,0.01,0.04
8.92,535.20,245.53,97.40,20.04,30.92,0.51,2.44,2.29,-9.54,-5.29,-1.03,119720.00,0.00,20.48,0.00,282.75,6.42,0.03,0.00,0.00,0.00,0.00,0.00,0.03,0.00,0.00,0.01,0.04
9.00,540.00,245.92,97.77,20.04,30.93,0.51,2.44,2.29,-9.54,-5.29,-1.02,119727.00,0.00,20.48,0.00,283.00,6.43,0.03,0.00,0.00,0.00,0.00,0.00,0.03,0.00,0.00,0.01,0.04
9.08,544.80,246.31,98.13,20.04,30.94,0.51,2.44,2.29,-9.54,-5.29,-1.02,119734.00,0.00,20.48,0.00,283.25,6.44,0.03,0.00,0.00,0.00,0.00,0.00,0.03,0.00,0.00,0.01,0.04
9.17,550.20,246.69,98.49,20.04,30.95,0.51,2.44,2.29,-9.54,-5.29,-1.02,119742.00,0.00,20.48,0.00,283.50,6.45,0.03,0.00,0.00,0.00,0.00,0.00,0.03,0.00,0.00,0.01,0.04
9.25,555.00,247.08,98.85,20.04,30.96,0.51,2.44,2.28,-9.54,-5.29,-1.01,119750.00,0.00,20.48,0.00,283.74,6.46,0.03,0.00,0.00,0.00,0.00,0.00,0.03,0.00,0.00,0.01,0.04
9.33,559.80,247.46,99.22,20.04,30.97,0.51,2.44,2.28,-9.54,-5.29,-1.01,119758.00,0.00,20.48,0.00,283.99,6.48,0.03,0.00,0.00,0.00,0.00,0.00,0.03,0.00,0.00,0.01,0.04
9.42,565.20,247.84,99.57,20.04,30.99,0.51,2.44,2.28,-9.55,-5.28,-1.01,119766.00,0.00,20.48,0.00,284.24,6.49,0.03,0.00,0.00,0.00,0.00,0.00,0.03,0.00,0.00,0.01,0.04
9.50,570.00,248.23,99.93,20.04,31.00,0.51,2.44,2.28,-9.55,-5.28,-1.00,119775.00,0.00,20.48,0.00,284.49,6.50,0.03,0.00,0.00,0.00,0.00,0.00,0.03,0.00,0.00,0.01,0.04
9.58,574.80,248.61,100.29,20.04,31.01,0.51,2.44,2.28,-9.55,-5.28,-1.00,119783.00,0.00,20.48,0.00,284.75,6.51,0.03,0.00,0.00,0.00,0.00,0.00,0.03,0.00,0.00,0.01,0.04
9.67,580.20,248.99,100.65,20.04,31.02,0.51,2.44,2.28,-9.55,-5.28,-1.00,119792.00,0.00,20.48,0.00,285.00,6.52,0.03,0.00,0.00,0.00,0.00,0.00,0.03,0.00,0.00,0.01,0.04
9.75,585.00,249.37,101.00,20.04,31.03,0.51,2.44,2.28,-9.56,-5.28,-1.00,119801.00,0.00,20.48,0.00,285.25,6.53,0.03,0.00,0.00,0.00,0.00,0.00,0.03,0.00,0.00,0.01,0.05
9.83,589.80,249.74,101.36,20.04,31.05,0.51,2.44,2.28,-9.56,-5.28,-1.00,119809.00,0.00,20.48,0.00,285.50,6.55,0.03,0.00,0.00,0.00,0.00,0.00,0.03,0.00,0.00,0.01,0.05
9.92,595.20,250.12,101.71,20.04,31.06,0.51,2.44,2.28,-9.56,-5.28,-0.99,119818.00,0.00,20.48,0.00,285.75,6.56,0.03,0.00,0.00,0.00,0.00,0.00,0.03,0.00,0.00,0.01,0.05
10.00,600.00,250.50,102.06,20.04,31.07,0.51,2.44,2.28,-9.57,-5.28,-0.99,119827.00,0.00,20.48,0.00,286.00,6.57,0.03,0.00,0.00,0.00,0.01,0.00,0.03,0.00,0.01,0.01,0.05
10.08,604.80,250.87,102.41,20.04,31.08,0.51,2.44,2.28,-9.57,-5.28,-0.99,119836.00,0.00,20.48,0.00,286.26,6.58,0.03,0.00,0.00,0.00,0.01,0.00,0.03,0.00,0.01,0.01,0.05
10.17,610.20,251.25,102.76,20.04,31.09,0.51,2.44,2.27,-9.57,-5.28,-0.99,119845.00,0.00,20.48,0.00,286.51,6.59,0.03,0.00,0.00,0.00,0.01,0.00,0.03,0.00,0.01,0.01,0.05
10.25,615.00,251.62,103.11,20.04,31.11,0.51,2.44,2.27,-9.58,-5.29,-0.99,119854.00,0.00,20.48,0.00,286.76,6.61,0.03,0.00,0.00,0.00,0.01,0.00,0.03,0.00,0.01,0.02,0.05
10.33,619.80,251.99,103.46,20.04,31.12,0.51,2.44,2.27,-9.58,-5.29,-0.98,119862.00,0.00,20.48,0.00,287.01,6.62,0.03,0.00,0.00,0.00,0.01,0.00,0.03,0.00,0.01,0.02,0.05
10.42,625.20,252.36,103.81,20.04,31.13,0.51,2.44,2.27,-9.58,-5.29,-0.98,119871.00,0.00,20.48,0.00,287.27,6.63,0.03,0.00,0.00,0.00,0.01,0.00,0.03,0.00,0.01,0.02,0.05
10.50,630.00,252.73,104.15,20.04,31.14,0.51,2.44,2.27,-9.59,-5.29,-0.98,119880.00,0.00,20.48,0.00,287.52,6.64,0.03,0.00,0.00,0.00,0.01,0.00,0.03,0.00,0.01,0.02,0.05
10.58,634.80,253.09,104.50,20.04,31.15,0.51,2.44,2.27,-9.59,-5.29,-0.98,119888.00,0.00,20.48,0.00,287.77,6.65,0.03,0.00,0.00,0.00,0.01,0.00,0.03,0.00,0.01,0.02,0.05
10.67,640.20,253.46,104.84,20.04,31.16,0.51,2.44,2.27,-9.60,-5.29,-0.98,119897.00,0.00,20.48,0.00,288.02,6.66,0.03,0.00,0.00,0.00,0.01,0.00,0.03,0.00,0.01,0.02,0.05
10.75,645.00,253.82,105.18,20.04,31.17,0.51,2.44,2.27,-9.60,-5.29,-0.98,119906.00,0.00,20.48,0.00,288.27,6.68,0.03,0.00,0.00,0.00,0.01,0.00,0.03,0.00,0.01,0.02,0.05
10.83,649.80,254.18,105.52,20.04,31.19,0.51,2.44,2.27,-9.60,-5.29,-0.98,119914.00,0.00,20.48,0.00,288.52,6.69,0.03,0.00,0.00,0.00,0.01,0.00,0.03,0.00,0.01,0.02,0.05
10.92,655.20,254.54,105.86,20.04,31.20,0.51,2.44,2.27,-9.61,-5.29,-0.97,119922.00,0.00,20.48,0.00,288.77,6.70,0.03,0.00,0.00,0.00,0.01,0.00,0.03,0.00,0.01,0.02,0.05
11.00,660.00,254.90,106.20,20.04,31.21,0.51,2.44,2.27,-9.61,-5.29,-0.97,119931.00,0.00,20.48,0.00,289.02,6.71,0.03,0.00,0.00,0.00,0.01,0.00,0.03,0.00,0.01,0.02,0.05
11.08,664.80,255.26,106.54,20.04,31.22,0.51,2.44,2.26,-9.62,-5.30,-0.97,119939.00,0.00,20.48,0.00,289.27,6.72,0.03,0.00,0.00,0.00,0.01,0.00,0.03,0.00,0.01,0.02,0.05
11.17,670.20,255.62,106.88,20.04,31.23,0.51,2.44,2.26,-9.62,-5.30,-0.97,119947.00,0.00,20.48,0.00,289.52,6.74,0.03,0.00,0.00,0.00,0.01,0.00,0.03,0.00,0.01,0.02,0.05
11.25,675.00,255.97,107.21,20.04,31.24,0.51,2.44,2.26,-9.62,-5.30,-0.97,119955.00,0.00,20.48,0.00,289.77,6.75,0.03,0.00,0.00,0.00,0.01,0.00,0.03,0.00,0.01,0.02,0.05
11.33,679.80,256.33,107.55,20.04,31.25,0.51,2.44,2.26,-9.63,-5.30,-0.97,119964.00,0.00,20.48,0.00,290.02,6.76,0.03,0.00,0.00,0.00,0.01,0.00,0.03,0.00,0.01,0.02,0.06
11.42,685.20,256.68,107.88,20.04,31.26,0.51,2.44,2.26,-9.63,-5.30,-0.97,119972.00,0.00,20.48,0.00,290.27,6.77,0.03,0.00,0.00,0.00,0.01,0.00,0.03,0.00,0.01,0.02,0.06
11.50,690.00,257.03,108.21,20.04,31.27,0.51,2.44,2.26,-9.64,-5.30,-0.97,119979.00,0.00,20.48,0.00,290.52,6.78,0.03,0.00,0.00,0.00,0.01,0.00,0.03,0.00,0.01,0.02,0.06
11.58,694.80,257.38,108.54,20.04,31.28,0.51,2.44,2.26,-9.64,-5.30,-0.97,119987.00,0.00,20.48,0.00,290.76,6.80,0.03,0.00,0.00,0.00,0.01,0.00,0.03,0.00,0.01,0.02,0.06
11.67,700.20,257.72,108.87,20.04,31.29,0.51,2.44,2.26,-9.65,-5.31,-0.97,119995.00,0.00,20.48,0.00,291.01,6.81,0.03,0.00,0.00,0.00,0.01,0.00,0.03,0.00,0.01,0.02,0.06
11.75,705.00,258.07,109.20,20.04,31.30,0.51,2.44,2.26,-9.65,-5.31,-0.96,120003.00,0.00,20.48,0.00,291.26,6.82,0.03,0.00,0.00,0.00,0.01,0.00,0.03,0.00,0.01,0.02,0.06
11.83,709.80,258.41,109.52,20.04,31.31,0.51,2.44,2.26,-9.66,-5.31,-0.96,120010.00,0.00,20.48,0.00,291.50,6.83,0.03,0.00,0.00,0.00,0.01,0.00,0.03,0.00,0.01,0.02,0.06
11.92,715.20,258.75,109.85,20.04,31.32,0.51,2.44,2.25,-9.66,-5.31,-0.96,120018.00,0.00,20.48,0.00,291.75,6.84,0.03,0.00,0.00,0.00,0.01,0.00,0.03,0.00,0.01,0.02,0.06
12.00,720.00,259.09,110.17,20.04,31.33,0.51,2.44,2.25,-9.66,-5.31,-0.96,120025.00,0.00,20.48,0.00,291.99,6.85,0.03,0.00,0.00,0.00,0.01,0.00,0.03,0.00,0.01,0.02,0.06
12.08,724.80,259.43,110.50,20.04,31.34,0.51,2.44,2.25,-9.67,-5.31,-0.96,120033.00,0.00,20.48,0.00,292.24,6.87,0.03,0.00,0.00,0.00,0.01,0.00,0.03,0.00,0.01,0.02,0.06
12.17,730.20,259.77,110.82,20.04,31.35,0.51,2.44,2.25,-9.67,-5.32,-0.96,120040.00,0.00,20.48,0.00,292.48,6.88,0.03,0.00,0.00,0.00,0.01,0.00,0.03,0.00,0.01,0.02,0.06
12.25,735.00,260.10,111.14,20.04,31.36,0.51,2.44,2.25,-9.68,-5.32,-0.96,120047.00,0.00,20.48,0.00,292.72,6.89,0.03,0.00,0.00,0.00,0.01,0.00,0.03,0.00,0.01,0.02,0.06
12.33,739.80,260.44,111.46,20.04,31.37,0.51,2.44,2.25,-9.68,-5.32,-0.96,120054.00,0.00,20.48,0.00,292.96,6.90,0.03,0.00,0.00,0.00,0.01,0.00,0.03,0.00,0.01,0.02,0.06
12.42,745.20,260.77,111.78,20.04,31.38,0.51,2.44,2.25,-9.69,-5.32,-0.96,120062.00,0.00,20.48,0.00,293.20,6.91,0.03,0.00,0.00,0.00,0.01,0.00,0.03,0.00,0.01,0.02,0.06
12.50,750.00,261.10,112.09,20.04,31.39,0.51,2.44,2.25,-9.69,-5.32,-0.96,120068.00,0.00,20.48,0.00,293.45,6.92,0.03,0.00,0.00,0.00,0.01,0.00,0.03,0.00,0.01,0.02,0.06
12.58,754.80,261.43,112.41,20.04,31.40,0.51,2.44,2.25,-9.70,-5.32,-0.96,120075.00,0.00,20.48,0.00,293.68,6.94,0.03,0.00,0.00,0.00,0.01,0.00,0.03,0.00,0.01,0.02,0.06
12.67,760.20,261.75,112.72,20.04,31.41,0.51,2.44,2.25,-9.70,-5.33,-0.96,120082.00,0.00,20.48,0.00,293.92,6.95,0.03,0.00,0.00,0.00,0.01,0.00,0.03,0.00,0.01,0.02,0.06
12.75,765.00,262.08,113.04,20.04,31.41,0.51,2.44,2.25,-9.70,-5.33,-0.96,120089.00,0.00,20.48,0.00,294.16,6.96,0.03,0.00,0.00,0.00,0.01,0.00,0.03,0.00,0.01,0.02,0.06
12.83,769.80,262.40,113.35,20.04,31.42,0.51,2.44,2.24,-9.71,-5.33,-0.96,120096.00,0.00,20.48,0.00,294.40,6.97,0.03,0.00,0.00,0.00,0.01,0.00,0.03,0.00,0.01,0.02,0.07
12.92,775.20,262.73,113.66,20.04,31.43,0.51,2.44,2.24,-9.71,-5.33,-0.95,120102.00,0.00,20.48,0.00,294.64,6.98,0.03,0.00,0.00,0.00,0.01,0.00,0.03,0.00,0.01,0.02,0.07
13.00,780.00,263.05,113.97,20.04,31.44,0.51,2.44,2.24,-9.72,-5.33,-0.95,120109.00,0.00,20.48,0.00,294.87,6.99,0.03,0.00,0.00,0.00,0.01,0.00,0.03,0.00,0.01,0.03,0.07
13.08,784.80,263.36,114.28,20.04,31.45,0.51,2.44,2.24,-9.72,-5.34,-0.95,120115.00,0.00,20.48,0.00,295.11,7.00,0.03,0.00,0.00,0.00,0.01,0.00,0.03,0.00,0.01,0.03,0.07
13.17,790.20,263.68,114.59,20.04,31.46,0.51,2.44,2.24,-9.73,-5.34,-0.95,120122.00,0.00,20.48,0.00,295.34,7.02,0.03,0.00,0.00,0.00,0.01,0.00,0.03,0.00,0.01,0.03,0.07
13.25,795.00,264.00,114.89,20.04,31.46,0.51,2.44,2.24,-9.73,-5.34,-0.95,120128.00,0.00,20.48,0.00,295.58,7.03,0.03,0.00,0.00,0.00,0.01,0.00,0.03,0.00,0.01,0.03,0.07
13.33,799.80,264.31,115.20,20.04,31.47,0.51,2.44,2.24,-9.74,-5.34,-0.95,120134.00,0.00,20.48,0.00,295.81,7.04,0.03,0.00,0.00,0.00,0.01,0.00,0.03,0.00,0.01,0.03,0.07
13.42,805.20,264.62,115.50,20.04,31.48,0.51,2.44,2.24,-9.74,-5.34,-0.95,120140.00,0.00,20.48,0.00,296.04,7.05,0.03,0.00,0.00,0.00,0.01,0.00,0.03,0.00,0.01,0.03,0.07
13.50,810.00,264.93,115.80,20.04,31.49,0.51,2.44,2.24,-9.74,-5.34,-0.95,120142.00,0.00,20.48,0.00,296.28,7.06,0.03,0.00,0.00,0.00,0.01,0.00,0.03,0.00,0.01,0.03,0.07
13.58,814.80,265.24,116.10,20.04,31.50,0.51,2.44,2.24,-9.75,-5.35,-0.95,120149.00,0.00,20.48,0.00,296.51,7.07,0.03,0.00,0.00,0.00,0.01,0.00,0.03,0.00,0.01,0.03,0.07
13.67,820.20,265.55,116.40,20.04,31.50,0.51,2.44,2.23,-9.75,-5.35,-0.95,120155.00,0.00,20.48,0.00,296.74,7.08,0.03,0.00,0.00,0.00,0.01,0.00,0.03,0.00,0.01,0.03,0.07
13.75,825.00,265.85,116.70,20.04,31.51,0.51,2.44,2.23,-9.76,-5.35,-0.95,120162.00,0.00,20.48,0.00,296.97,7.09,0.03,0.00,0.00,0.00,0.01,0.00,0.03,0.00,0.01,0.03,0.07
13.83,829.80,266.16,117.00,20.04,31.52,0.51,2.44,2.23,-9.76,-5.35,-0.95,120168.00,0.00,20.48,0.00,297.20,7.11,0.03,0.00,0.00,0.00,0.01,0.00,0.03,0.00,0.01,0.03,0.07
13.92,835.20,266.46,117.30,20.04,31.52,0.51,2.44,2.23,-9.77,-5.35,-0.95,120174.00,0.00,20.48,0.00,297.42,7.12,0.03,0.00,0.00,0.00,0.01,0.00,0.03,0.00,0.01,0.03,0.07
14.00,840.00,266.76,117.59,20.04,31.53,0.51,2.44,2.23,-9.77,-5.36,-0.95,120180.00,0.00,20.48,0.00,297.65,7.13,0.03,0.00,0.00,0.00,0.01,0.00,0.03,0.00,0.01,0.03,0.07
14.08,844.80,267.06,117.89,20.04,31.54,0.51,2.44,2.23,-9.78,-5.36,-0.95,120186.00,0.00,20.48,0.00,297.88,7.14,0.03,0.00,0.00,0.00,0.01,0.00,0.03,0.00,0.01,0.03,0.07
14.17,850.20,267.35,118.18,20.04,31.54,0.51,2.44,2.23,-9.78,-5.36,-0.95,120191.00,0.00,20.48,0.00,298.10,7.15,0.03,0.00,0.00,0.00,0.01,0.00,0.03,0.00,0.01,0.03,0.07
14.25,855.00,267.65,118.47,20.04,31.55,0.51,2.44,2.23,-9.78,-5.36,-0.95,120197.00,0.00,20.48,0.00,298.32,7.16,0.03,0.00,0.00,0.00,0.01,0.00,0.03,0.00,0.01,0.03,0.07
14.33,859.80,267.94,118.76,20.04,31.56,0.51,2.44,2.23,-9.79,-5.36,-0.95,120202.00,0.00,20.48,0.00,298.55,7.17,0.03,0.00,0.00,0.00,0.01,0.00,0.03,0.00,0.01,0.03,0.07
14.42,865.20,268.23,119.05,20.04,31.56,0.51,2.44,2.23,-9.79,-5.37,-0.95,120208.00,0.00,20.48,0.00,298.77,7.18,0.03,0.00,0.00,0.00,0.01,0.00,0.03,0.00,0.01,0.03,0.08
14.50,870.00,268.52,119.34,20.04,31.57,0.51,2.44,2.23,-9.80,-5.37,-0.95,120213.00,0.00,20.48,0.00,298.99,7.19,0.03,0.00,0.00,0.00,0.01,0.00,0.03,0.00,0.01,0.03,0.08
14.58,874.80,268.81,119.63,20.04,31.58,0.51,2.44,2.22,-9.80,-5.37,-0.95,120218.00,0.00,20.48,0.00,299.21,7.20,0.03,0.00,0.00,0.00,0.01,0.00,0.03,0.00,0.01,0.03,0.08
14.67,880.20,269.10,119.91,20.04,31.58,0.51,2.44,2.22,-9.81,-5.37,-0.95,120224.00,0.00,20.48,0.00,299.43,7.22,0.03,0.00,0.00,0.00,0.01,0.00,0.03,0.00,0.01,0.03,0.08
14.75,885.00,269.38,120.20,20.04,31.59,0.51,2.44,2.22,-9.81,-5.37,-0.95,120229.00,0.00,20.48,0.00,299.65,7.23,0.03,0.00,0.00,0.00,0.01,0.00,0.03,0.00,0.01,0.03,0.08
14.83,889.80,269.67,120.48,20.04,31.59,0.51,2.44,2.22,-9.81,-5.38,-0.95,120234.00,0.00,20.48,0.00,299.86,7.24,0.03,0.00,0.00,0.00,0.01,0.00,0.03,0.00,0.01,0.03,0.08
14.92,895.20,269.95,120.76,20.04,31.60,0.51,2.44,2.22,-9.82,-5.38,-0.95,120239.00,0.00,20.48,0.00,300.08,7.25,0.03,0.00,0.00,0.00,0.01,0.00,0.03,0.00,0.01,0.03,0.08
15.00,900.00,270.23,121.04,20.04,31.61,0.51,2.44,2.22,-9.82,-5.38,-0.95,120244.00,0.00,20.48,0.00,300.29,7.26,0.03,0.00,0.00,0.00,0.01,0.00,0.03,0.00,0.01,0.03,0.08
15.08,904.80,270.51,121.32,20.04,31.61,0.51,2.44,2.22,-9.83,-5.38,-0.95,120249.00,0.00,20.48,0.00,300.51,7.27,0.03,0.00,0.00,0.00,0.01,0.00,0.03,0.00,0.01,0.03,0.08
15.17,910.20,270.79,121.60,20.04,31.62,0.51,2.44,2.22,-9.83,-5.38,-0.95,120253.00,0.00,20.48,0.00,300.72,7.28,0.03,0.00,0.00,0.00,0.01,0.00,0.03,0.00,0.01,0.03,0.08
15.25,915.00,271.06,121.88,20.04,31.62,0.51,2.44,2.22,-9.84,-5.39,-0.95,120258.00,0.00,20.48,0.00,300.93,7.29,0.03,0.00,0.00,0.00,0.01,0.00,0.03,0.00,0.01,0.03,0.08
15.33,919.80,271.33,122.16,20.04,31.63,0.51,2.44,2.22,-9.84,-5.39,-0.95,120263.00,0.00,20.48,0.00,301.14,7.30,0.03,0.00,0.00,0.00,0.01,0.00,0.03,0.00,0.01,0.03,0.08
15.42,925.20,271.61,122.43,20.04,31.63,0.51,2.44,2.21,-9.84,-5.39,-0.94,120267.00,0.00,20.48,0.00,301.35,7.31,0.03,0.00,0.00,0.00,0.01,0.00,0.03,0.00,0.01,0.03,0.08
15.50,930.00,271.88,122.71,20.04,31.64,0.51,2.44,2.21,-9.85,-5.39,-0.94,120272.00,0.00,20.48,0.00,301.56,7.32,0.03,0.00,0.00,0.00,0.01,0.00,0.03,0.00,0.01,0.04,0.08
15.58,934.80,272.15,122.98,20.04,31.64,0.51,2.44,2.21,-9.85,-5.39,-0.94,120277.00,0.00,20.48,0.00,301.77,7.33,0.03,0.00,0.00,0.00,0.01,0.00,0.03,0.00,0.01,0.04,0.08
15.67,940.20,272.41,123.25,20.04,31.65,0.51,2.44,2.21,-9.98,-5.48,-1.00,120160.00,0.00,20.48,0.00,301.94,7.34,0.03,0.00,0.00,0.00,0.01,0.00,0.03,0.00,0.01,0.04,0.08
15.75,945.00,272.61,123.50,20.04,31.62,0.51,2.44,2.21,-10.32,-5.75,-1.18,119855.00,0.00,20.48,0.00,302.00,7.34,0.03,0.00,0.00,0.00,0.01,0.00,0.03,0.00,0.01,0.04,0.08
15.83,949.80,272.77,123.72,20.04,31.57,0.51,2.44,2.21,-10.59,-5.95,-1.32,119545.00,0.00,20.48,0.00,302.03,7.35,0.03,0.00,0.00,0.00,0.01,0.00,0.03,0.00,0.01,0.04,0.08
15.92,955.20,272.90,123.93,20.04,31.50,0.52,2.44,2.21,-10.85,-6.14,-1.45,119199.00,0.00,20.48,0.00,302.02,7.35,0.03,0.00,0.00,0.00,0.01,0.00,0.03,0.00,0.01,0.04,0.09
16.00,960.00,272.99,124.13,20.04,31.42,0.52,2.44,2.21,-11.09,-6.33,-1.58,118822.00,0.00,20.48,0.00,301.98,7.34,0.03,0.00,0.00,0.00,0.01,0.00,0.03,0.00,0.01,0.04,0.09
16.08,964.80,273.06,124.31,20.04,31.33,0.52,2.44,2.21,-11.33,-6.52,-1.71,118416.00,0.00,20.48,0.00,301.92,7.34,0.03,0.00,0.00,0.00,0.01,0.00,0.03,0.00,0.01,0.04,0.09
16.17,970.20,273.10,124.47,20.04,31.22,0.52,2.44,2.21,-11.56,-6.70,-1.84,117984.00,0.00,20.48,0.00,301.82,7.34,0.03,0.00,0.00,0.00,0.01,0.00,0.03,0.00,0.01,0.04,0.09
16.25,975.00,273.12,124.62,20.04,31.11,0.52,2.44,2.21,-11.79,-6.88,-1.97,117528.00,0.00,20.48,0.00,301.69,7.33,0.03,0.00,0.00,0.00,0.01,0.00,0.03,0.00,0.01,0.04,0.09
16.33,979.80,273.11,124.76,20.04,30.99,0.52,2.44,2.21,-12.02,-7.05,-2.10,117048.00,0.00,20.48,0.00,301.54,7.32,0.03,0.00,0.00,0.00,0.01,0.00,0.03,0.00,0.01,0.04,0.09
16.42,985.20,273.09,124.89,20.04,30.86,0.52,2.44,2.20,-12.24,-7.23,-2.23,116545.00,0.00,20.48,0.00,301.37,7.32,0.03,0.00,0.00,0.00,0.01,0.00,0.03,0.00,0.01,0.04,0.09
16.50,990.00,273.03,125.01,20.04,30.72,0.52,2.44,2.20,-12.47,-7.41,-2.36,116020.00,0.00,20.48,0.00,301.17,7.31,0.03,0.00,0.00,0.00,0.01,0.00,0.03,0.00,0.01,0.04,0.09
16.58,994.80,272.96,125.12,20.04,30.58,0.52,2.44,2.20,-12.69,-7.59,-2.50,115473.00,0.00,20.48,0.00,300.94,7.30,0.03,0.00,0.00,0.00,0.01,0.00,0.03,0.00,0.01,0.04,0.09
16.67,1000.20,272.86,125.22,20.04,30.43,0.52,2.44,2.20,-12.91,-7.77,-2.63,114904.00,0.00,20.48,0.00,300.69,7.28,0.03,0.00,0.00,0.00,0.02,0.00,0.03,0.00,0.02,0.04,0.09
16.75,1005.00,272.75,125.31,20.04,30.28,0.52,2.44,2.20,-13.14,-7.95,-2.77,114312.00,0.00,20.48,0.00,300.42,7.27,0.03,0.00,0.00,0.00,0.02,0.00,0.03,0.00,0.02,0.04,0.09
16.83,1009.80,272.61,125.39,20.04,30.12,0.52,2.44,2.20,-13.36,-8.13,-2.92,113699.00,0.00,20.48,0.00,300.13,7.26,0.03,0.00,0.00,0.00,0.02,0.00,0.03,0.00,0.02,0.04,0.09
16.92,1015.20,272.45,125.46,20.04,29.95,0.52,2.44,2.20,-13.59,-8.32,-3.07,113062.00,0.00,20.48,0.00,299.81,7.24,0.03,0.00,0.00,0.00,0.02,0.00,0.03,0.00,0.02,0.04,0.09
17.00,1020.00,272.26,125.52,20.04,29.78,0.52,2.44,2.20,-13.82,-8.51,-3.22,112401.00,0.00,20.48,0.00,299.46,7.23,0.03,0.00,0.00,0.00,0.02,0.00,0.03,0.00,0.02,0.04,0.09
17.08,1024.80,272.06,125.57,20.04,29.61,0.52,2.44,2.20,-14.05,-8.71,-3.38,111717.00,0.00,20.48,0.00,299.09,7.21,0.03,0.00,0.00,0.00,0.02,0.00,0.03,0.00,0.02,0.04,0.09
17.17,1030.20,271.83,125.61,20.04,29.43,0.52,2.44,2.20,-14.29,-8.91,-3.54,111007.00,0.00,20.48,0.00,298.69,7.19,0.03,0.00,0.00,0.00,0.02,0.00,0.03,0.00,0.02,0.04,0.09
17.25,1035.00,271.57,125.64,20.04,29.24,0.52,2.44,2.20,-14.53,-9.11,-3.72,110272.00,0.00,20.48,0.00,298.27,7.17,0.03,0.00,0.00,0.00,0.02,0.00,0.03,0.00,0.02,0.04,0.09
17.33,1039.80,271.29,125.66,20.04,29.05,0.52,2.44,2.20,-14.77,-9.32,-3.89,109509.00,0.00,20.48,0.00,297.81,7.15,0.03,0.00,0.00,0.00,0.02,0.00,0.03,0.00,0.02,0.04,0.09
17.42,1045.20,270.99,125.68,20.04,28.86,0.52,2.44,2.20,-15.02,-9.54,-4.08,108718.00,0.00,20.48,0.00,297.33,7.13,0.03,0.00,0.00,0.00,0.02,0.00,0.03,0.00,0.02,0.04,0.09
17.50,1050.00,270.66,125.68,20.04,28.65,0.52,2.44,2.20,-15.27,-9.76,-4.27,107898.00,0.00,20.48,0.00,296.82,7.10,0.03,0.00,0.00,0.00,0.02,0.00,0.03,0.00,0.02,0.04,0.09
17.58,1054.80,270.30,125.67,20.04,28.44,0.52,2.44,2.20,-15.53,-9.99,-4.48,107046.00,0.00,20.48,0.00,296.27,7.08,0.03,0.00,0.00,0.00,0.02,0.00,0.03,0.00,0.02,0.04,0.09
17.67,1060.20,269.91,125.66,20.04,28.22,0.52,2.44,2.20,-15.79,-10.23,-4.69,106160.00,0.00,20.48,0.00,295.70,7.05,0.03,0.00,0.00,0.00,0.02,0.00,0.03,0.00,0.02,0.04,0.09
17.75,1065.00,269.50,125.63,20.04,28.00,0.52,2.44,2.20,-16.07,-10.49,-4.93,105237.00,0.00,20.48,0.00,295.08,7.02,0.03,0.00,0.00,0.00,0.02,0.00,0.03,0.00,0.02,0.04,0.09
17.83,1069.80,269.04,125.60,20.04,27.76,0.52,2.44,2.20,-16.36,-10.76,-5.19,104266.00,0.00,20.48,0.00,294.42,6.99,0.03,0.00,0.00,0.00,0.02,0.00,0.03,0.00,0.02,0.04,0.09
17.92,1075.20,268.55,125.56,20.04,27.51,0.52,2.44,2.20,-16.64,-11.04,-5.45,103250.00,0.00,20.48,0.00,293.71,6.96,0.03,0.00,0.00,0.00,0.02,0.00,0.03,0.00,0.02,0.05,0.09
18.00,1080.00,268.01,125.51,20.04,27.26,0.52,2.44,2.20,-16.92,-11.31,-5.70,102195.00,0.00,20.48,0.00,292.96,6.92,0.03,0.00,0.00,0.00,0.02,0.00,0.03,0.00,0.02,0.05,0.09
18.08,1084.80,267.42,125.44,20.04,27.01,0.52,2.44,2.20,-17.19,-11.56,-5.95,101105.00,0.00,20.48,0.00,292.16,6.88,0.03,0.00,0.00,0.00,0.02,0.00,0.03,0.00,0.02,0.05,0.10
18.17,1090.20,266.79,125.37,20.04,26.76,0.52,2.44,2.20,-17.46,-11.82,-6.20,99980.80,0.00,20.48,0.00,291.31,6.85,0.03,0.00,0.00,0.00,0.02,0.00,0.03,0.00,0.02,0.05,0.10
18.25,1095.00,266.13,125.28,20.04,26.52,0.52,2.44,2.20,-17.72,-12.07,-6.44,98824.40,0.00,20.48,0.00,290.42,6.81,0.03,0.00,0.00,0.00,0.02,0.00,0.03,0.00,0.02,0.05,0.10
18.33,1099.80,265.42,125.18,20.04,26.27,0.52,2.44,2.20,-17.98,-12.33,-6.69,97635.50,0.00,20.48,0.00,289.49,6.76,0.03,0.00,0.00,0.00,0.02,0.00,0.03,0.00,0.02,0.05,0.10
18.42,1105.20,264.68,125.07,20.04,26.03,0.52,2.44,2.20,-18.25,-12.59,-6.94,96413.80,0.00,20.48,0.00,288.51,6.72,0.03,0.00,0.00,0.00,0.02,0.00,0.03,0.00,0.02,0.05,0.10
18.50,1110.00,263.89,124.94,20.04,25.79,0.52,2.44,2.20,-18.52,-12.85,-7.20,95158.70,0.00,20.48,0.00,287.49,6.67,0.03,0.00,0.00,0.00,0.02,0.00,0.03,0.00,0.02,0.05,0.10
18.58,1114.80,263.06,124.80,20.04,25.55,0.52,2.44,2.20,-18.80,-13.12,-7.46,93869.00,0.00,20.48,0.00,286.42,6.62,0.03,0.00,0.00,0.00,0.02,0.00,0.03,0.00,0.02,0.05,0.10
18.67,1120.20,262.19,124.65,20.04,25.32,0.52,2.44,2.20,-19.08,-13.40,-7.74,92543.10,0.00,20.48,0.00,285.30,6.57,0.03,0.00,0.00,0.00,0.02,0.00,0.03,0.00,0.02,0.05,0.10
18.75,1125.00,261.28,124.48,20.04,25.10,0.52,2.44,2.20,-19.38,-13.69,-8.02,91179.40,0.00,20.48,0.00,284.14,6.52,0.03,0.00,0.00,0.00,0.02,0.00,0.03,0.00,0.02,0.05,0.10
18.83,1129.80,260.32,124.29,20.04,24.88,0.52,2.44,2.20,-19.68,-13.99,-8.31,89775.70,0.00,20.48,0.00,282.92,6.47,0.03,0.00,0.00,0.00,0.02,0.00,0.03,0.00,0.02,0.05,0.10
18.92,1135.20,259.31,124.09,20.04,24.67,0.52,2.44,2.20,-20.00,-14.30,-8.62,88329.80,0.00,20.48,0.00,281.65,6.41,0.03,0.00,0.00,0.00,0.02,0.00,0.03,0.00,0.02,0.05,0.10
19.00,1140.00,258.25,123.87,20.04,24.47,0.52,2.44,2.20,-20.33,-14.62,-8.93,86839.90,0.00,20.48,0.00,280.32,6.35,0.03,0.00,0.00,0.00,0.02,0.00,0.03,0.00,0.02,0.05,0.10
19.08,1144.80,257.13,123.63,20.04,24.28,0.52,2.44,2.20,-20.66,-14.94,-9.24,85314.30,0.00,20.48,0.00,278.92,6.29,0.03,0.00,0.00,0.00,0.02,0.00,0.03,0.00,0.02,0.05,0.10
19.17,1150.20,255.96,123.38,20.04,24.10,0.52,2.44,2.20,-21.00,-15.26,-9.54,83753.50,0.00,20.48,0.00,277.47,6.23,0.03,0.00,0.00,0.00,0.02,0.00,0.03,0.00,0.02,0.05,0.10
19.25,1155.00,254.74,123.10,20.04,23.94,0.52,2.44,2.20,-21.37,-15.60,-9.85,82150.60,0.00,20.48,0.00,275.96,6.16,0.03,0.00,0.00,0.00,0.02,0.00,0.03,0.00,0.02,0.05,0.10
19.33,1159.80,253.47,122.80,20.04,23.80,0.52,2.44,2.20,-21.77,-15.98,-10.20,80499.10,0.00,20.48,0.00,274.39,6.10,0.03,0.00,0.00,0.00,0.02,0.00,0.03,0.00,0.02,0.05,0.10
19.42,1165.20,252.13,122.48,20.04,23.66,0.52,2.44,2.20,-22.22,-16.39,-10.58,78792.10,0.00,20.48,0.00,272.75,6.03,0.03,0.00,0.00,0.00,0.02,0.00,0.03,0.00,0.02,0.05,0.10
19.50,1170.00,250.74,122.13,20.04,23.54,0.52,2.44,2.21,-22.72,-16.85,-11.00,77021.60,0.00,20.48,0.00,271.02,5.95,0.03,0.00,0.00,0.00,0.02,0.00,0.03,0.00,0.02,0.05,0.10
19.58,1174.80,249.28,121.76,20.04,23.42,0.52,2.44,2.21,-23.29,-17.37,-11.47,75178.00,0.00,20.48,0.00,269.21,5.88,0.03,0.00,0.00,0.00,0.02,0.00,0.03,0.00,0.02,0.05,0.10
19.67,1180.20,247.74,121.36,20.04,23.31,0.52,2.44,2.21,-23.93,-17.95,-12.00,73249.20,0.00,20.48,0.00,267.30,5.80,0.03,0.00,0.00,0.00,0.02,0.00,0.03,0.00,0.02,0.05,0.10
19.75,1185.00,246.11,120.93,20.04,23.22,0.52,2.44,2.21,-24.66,-18.62,-12.59,71220.50,0.01,20.48,0.00,265.28,5.72,0.03,0.00,0.00,0.00,0.02,0.00,0.03,0.00,0.02,0.05,0.10
19.83,1189.80,244.39,120.47,20.04,23.12,0.52,2.44,2.21,-25.51,-19.38,-13.27,69073.10,0.02,20.48,0.00,263.12,5.63,0.03,0.00,0.00,0.00,0.02,0.00,0.03,0.00,0.02,0.05,0.10
19.92,1195.20,242.56,119.98,20.04,23.04,0.52,2.44,2.21,-26.50,-20.27,-14.06,66782.50,0.04,20.48,0.00,260.81,5.54,0.03,0.00,0.00,0.00,0.02,0.00,0.03,0.00,0.02,0.05,0.10
20.00,1200.00,240.59,119.44,20.04,22.96,0.52,2.44,2.21,-27.69,-21.33,-14.99,64315.70,0.06,20.48,0.00,258.31,5.44,0.03,0.00,0.00,0.00,0.02,0.00,0.03,0.00,0.02,0.05,0.10
20.08,1204.80,237.53,118.65,20.04,22.88,0.52,2.44,2.21,-40.51,-32.25,-24.14,56431.50,0.11,20.48,0.00,252.75,5.23,0.03,0.00,0.00,0.00,0.02,0.00,0.03,0.00,0.02,0.05,0.10
20.17,1210.20,232.85,117.46,20.04,22.81,0.53,2.44,2.22,-53.91,-43.96,-34.13,48133.00,0.18,20.48,0.00,245.60,4.96,0.03,0.00,0.00,0.00,0.02,0.00,0.03,0.00,0.02,0.05,0.10
20.25,1215.00,227.25,116.01,20.04,22.74,0.53,2.44,2.22,-64.82,-53.47,-42.24,39834.70,0.28,20.48,0.00,237.47,4.67,0.03,0.00,0.00,0.00,0.02,0.00,0.03,0.00,0.02,0.05,0.10
20.33,1219.80,221.03,114.36,20.04,22.67,0.54,2.44,2.22,-74.59,-61.96,-49.46,31536.30,0.40,20.48,0.00,228.52,4.36,0.03,0.00,0.00,0.00,0.01,0.00,0.03,0.00,0.01,0.05,0.10
20.42,1225.20,214.35,112.57,20.04,22.62,0.55,2.44,2.22,-84.36,-70.43,-56.63,23237.70,0.53,20.48,0.00,218.75,4.04,0.03,0.00,0.00,0.00,0.01,0.00,0.03,0.00,0.01,0.05,0.10
20.50,1230.00,207.27,110.66,20.04,22.56,0.56,2.44,2.23,-94.80,-79.45,-64.24,14938.90,0.67,20.48,0.00,208.10,3.71,0.03,0.00,0.00,0.00,0.01,0.00,0.03,0.00,0.01,0.06,0.10
20.58,1234.80,199.83,108.66,20.04,22.51,0.57,2.44,2.23,-106.53,-89.54,-72.73,6639.69,0.80,20.48,0.00,196.47,3.38,0.03,0.00,0.00,0.00,0.01,0.00,0.03,0.00,0.01,0.06,0.10
20.67,1240.20,192.13,106.59,20.04,22.46,0.59,2.44,2.24,-116.69,-99.07,-81.38,0.00,0.92,20.48,0.00,185.01,3.06,0.03,0.00,0.00,0.00,0.01,0.00,0.03,0.00,0.01,0.06,0.10
20.75,1245.00,185.79,104.97,20.04,22.43,0.61,2.44,2.24,-93.42,-79.81,-65.92,0.00,1.00,20.48,0.00,179.12,2.90,0.03,0.00,0.00,0.00,0.01,0.00,0.03,0.00,0.01,0.06,0.10
20.83,1249.80,180.95,103.78,20.04,22.41,0.62,2.44,2.24,-73.05,-61.80,-50.40,0.00,1.08,20.48,0.00,174.57,2.77,0.03,0.00,0.00,0.00,0.01,0.00,0.03,0.00,0.01,0.06,0.10
20.92,1255.20,177.08,102.85,20.04,22.38,0.64,2.44,2.25,-60.70,-50.89,-41.00,0.00,1.14,20.48,0.00,170.89,2.68,0.03,0.00,0.00,0.00,0.01,0.00,0.03,0.00,0.01,0.06,0.10
21.00,1260.00,173.88,102.09,20.04,22.35,0.66,2.44,2.25,-53.06,-44.18,-35.25,0.00,1.20,20.48,0.00,167.79,2.59,0.03,0.00,0.00,0.00,0.01,0.00,0.03,0.00,0.01,0.06,0.10
21.08,1264.80,171.15,101.44,20.04,22.32,0.67,2.44,2.25,-48.06,-39.80,-31.52,0.00,1.25,20.48,0.00,165.12,2.53,0.03,0.00,0.00,0.00,0.01,0.00,0.03,0.00,0.01,0.06,0.10
21.17,1270.20,168.77,100.86,20.04,22.29,0.69,2.44,2.25,-44.60,-36.79,-28.96,0.00,1.30,20.48,0.00,162.74,2.47,0.03,0.00,0.00,0.00,0.01,0.00,0.03,0.00,0.01,0.06,0.10
21.25,1275.00,166.64,100.34,20.04,22.26,0.70,2.44,2.26,-42.10,-34.62,-27.13,0.00,1.35,20.48,0.00,160.59,2.41,0.03,0.00,0.00,0.00,0.01,0.00,0.03,0.00,0.01,0.06,0.10
21.33,1279.80,164.71,99.86,20.04,22.23,0.71,2.44,2.26,-40.24,-33.00,-25.77,0.00,1.39,20.48,0.00,158.62,2.36,0.03,0.00,0.00,0.00,0.01,0.00,0.03,0.00,0.01,0.06,0.10
21.42,1285.20,162.93,99.41,20.04,22.20,0.73,2.44,2.26,-38.79,-31.76,-24.72,0.00,1.43,20.48,0.00,156.78,2.32,0.03,0.00,0.00,0.00,0.01,0.00,0.03,0.00,0.01,0.06,0.10
21.50,1290.00,161.28,98.98,20.04,22.18,0.74,2.44,2.26,-37.64,-30.77,-23.90,0.00,1.48,20.48,0.00,155.05,2.28,0.03,0.00,0.00,0.00,0.01,0.00,0.03,0.00,0.01,0.06,0.10
21.58,1294.80,159.73,98.58,20.04,22.16,0.76,2.44,2.26,-36.70,-29.97,-23.23,0.00,1.52,20.48,0.00,153.41,2.24,0.03,0.00,0.00,0.00,0.01,0.00,0.03,0.00,0.01,0.06,0.10
21.67,1300.20,158.28,98.19,20.04,22.13,0.77,2.44,2.27,-35.93,-29.30,-22.68,0.00,1.56,20.48,0.00,151.85,2.20,0.03,0.00,0.00,0.00,0.01,0.00,0.03,0.00,0.01,0.06,0.10
21.75,1305.00,156.89,97.83,20.04,22.11,0.78,2.44,2.27,-35.17,-28.67,-22.16,0.00,1.60,20.48,0.00,150.28,2.16,0.03,0.00,0.00,0.00,0.01,0.00,0.03,0.00,0.01,0.06,0.10
21.83,1309.80,155.57,97.50,20.04,22.09,0.80,2.44,2.27,-34.57,-28.15,-21.73,0.00,1.64,20.48,0.00,148.83,2.13,0.03,0.00,0.00,0.00,0.01,0.00,0.03,0.00,0.01,0.06,0.10
21.92,1315.20,154.31,97.18,20.04,22.07,0.81,2.44,2.27,-34.10,-27.76,-21.41,0.00,1.68,20.48,0.00,147.42,2.10,0.03,0.00,0.00,0.00,0.01,0.00,0.03,0.00,0.01,0.06,0.10
22.00,1320.00,153.09,96.86,20.04,22.05,0.82,2.44,2.27,-33.69,-27.41,-21.13,0.00,1.71,20.48,0.00,146.04,2.07,0.03,0.00,0.00,0.00,0.01,0.00,0.03,0.00,0.01,0.06,0.10
22.08,1324.80,151.92,96.55,20.04,22.04,0.84,2.44,2.27,-33.32,-27.10,-20.88,0.00,1.75,20.48,0.00,144.70,2.04,0.03,0.00,0.00,0.00,0.01,0.00,0.03,0.00,0.01,0.06,0.10
22.17,1330.20,150.78,96.25,20.04,22.02,0.85,2.44,2.28,-32.99,-26.83,-20.66,0.00,1.79,20.48,0.00,143.39,2.01,0.03,0.00,0.00,0.00,0.01,0.00,0.03,0.00,0.01,0.06,0.10
22.25,1335.00,149.69,95.96,20.04,22.00,0.86,2.44,2.28,-32.69,-26.58,-20.47,0.00,1.83,20.48,0.00,142.09,1.98,0.03,0.00,0.00,0.00,0.01,0.00,0.03,0.00,0.01,0.06,0.10
22.33,1339.80,148.62,95.66,20.04,21.99,0.87,2.44,2.28,-32.42,-26.35,-20.29,0.00,1.86,20.48,0.00,140.81,1.95,0.03,0.00,0.00,0.00,0.01,0.00,0.03,0.00,0.01,0.06,0.10
22.42,1345.20,147.59,95.38,20.04,21.97,0.89,2.44,2.28,-32.17,-26.15,-20.13,0.00,1.90,20.48,0.00,139.55,1.92,0.03,0.00,0.00,0.00,0.01,0.00,0.03,0.00,0.01,0.06,0.10
22.50,1350.00,146.58,95.10,20.04,21.96,0.90,2.44,2.28,-31.69,-25.75,-19.81,0.00,1.94,20.48,0.00,138.31,1.90,0.03,0.00,0.00,0.00,0.01,0.00,0.03,0.00,0.01,0.06,0.10
22.58,1354.80,145.61,94.83,20.04,21.94,0.91,2.44,2.29,-31.16,-25.30,-19.44,0.00,1.97,20.48,0.00,137.11,1.87,0.03,0.00,0.00,0.00,0.01,0.00,0.03,0.00,0.01,0.06,0.10
22.67,1360.20,144.67,94.56,20.04,21.93,0.92,2.44,2.29,-30.70,-24.91,-19.12,0.00,2.01,20.48,0.00,135.95,1.85,0.03,0.00,0.00,0.00,0.01,0.00,0.03,0.00,0.01,0.06,0.10
22.75,1365.00,143.76,94.30,20.04,21.92,0.93,2.44,2.29,-30.31,-24.58,-18.85,0.00,2.04,20.48,0.00,134.83,1.82,0.03,0.00,0.00,0.00,0.01,0.00,0.03,0.00,0.01,0.06,0.10
22.83,1369.80,142.86,94.03,20.04,21.90,0.94,2.44,2.29,-29.97,-24.29,-18.61,0.00,2.08,20.48,0.00,133.75,1.80,0.03,0.00,0.00,0.00,0.01,0.00,0.03,0.00,0.01,0.06,0.10
22.92,1375.20,141.99,93.77,20.04,21.89,0.95,2.44,2.29,-29.67,-24.04,-18.41,0.00,2.11,20.48,0.00,132.70,1.78,0.03,0.00,0.00,0.00,0.01,0.00,0.03,0.00,0.01,0.06,0.10
23.00,1380.00,141.14,93.50,20.04,21.88,0.95,2.44,2.29,-29.42,-23.83,-18.24,0.00,2.15,20.48,0.00,131.69,1.76,0.03,0.00,0.00,0.00,0.01,0.00,0.03,0.00,0.01,0.06,0.10
23.08,1384.80,140.31,93.24,20.04,21.87,0.96,2.44,2.30,-29.19,-23.64,-18.09,0.00,2.18,20.48,0.00,130.71,1.74,0.03,0.00,0.00,0.00,0.01,0.00,0.03,0.00,0.01,0.06,0.10
23.17,1390.20,139.50,92.97,20.04,21.86,0.97,2.44,2.30,-28.99,-23.48,-17.96,0.00,2.21,20.48,0.00,129.77,1.72,0.02,0.00,0.00,0.00,0.01,0.00,0.02,0.00,0.01,0.06,0.10
23.25,1395.00,138.70,92.70,20.04,21.84,0.97,2.44,2.30,-28.82,-23.33,-17.85,0.00,2.25,20.48,0.00,128.85,1.70,0.02,0.00,0.00,0.00,0.01,0.00,0.02,0.00,0.01,0.07,0.10
23.33,1399.80,137.91,92.42,20.04,21.83,0.98,2.44,2.30,-28.67,-23.21,-17.75,0.00,2.28,20.48,0.00,127.96,1.68,0.02,0.00,0.00,0.00,0.01,0.00,0.02,0.00,0.01,0.07,0.10
23.42,1405.20,137.15,92.14,20.04,21.82,0.98,2.44,2.30,-28.54,-23.11,-17.68,0.00,2.31,20.48,0.00,127.11,1.66,0.02,0.00,0.00,0.00,0.01,0.00,0.02,0.00,0.01,0.07,0.10
23.50,1410.00,136.41,91.84,20.04,21.81,0.98,2.44,2.30,-28.44,-23.03,-17.62,0.00,2.34,20.48,0.00,126.28,1.64,0.02,0.00,0.00,0.00,0.01,0.00,0.02,0.00,0.01,0.07,0.10
23.58,1414.80,135.70,91.53,20.04,21.80,0.99,2.44,2.31,-28.36,-22.96,-17.57,0.00,2.38,20.48,0.00,125.47,1.63,0.02,0.00,0.00,0.00,0.01,0.00,0.02,0.00,0.01,0.07,0.10
23.67,1420.20,134.99,91.22,20.04,21.79,0.99,2.44,2.31,-28.29,-22.91,-17.53,0.00,2.41,20.48,0.00,124.69,1.61,0.02,0.00,0.00,0.00,0.01,0.00,0.02,0.00,0.01,0.07,0.10
23.75,1425.00,134.31,90.89,20.04,21.78,1.00,2.44,2.31,-28.23,-22.87,-17.51,0.00,2.44,20.48,0.00,123.93,1.60,0.02,0.00,0.00,0.00,0.01,0.00,0.02,0.00,0.01,0.07,0.10
23.83,1429.80,133.64,90.56,20.04,21.77,1.00,2.44,2.31,-28.18,-22.83,-17.48,0.00,2.46,20.48,0.00,123.18,1.58,0.02,0.00,0.00,0.00,0.01,0.00,0.02,0.00,0.01,0.07,0.10
23.92,1435.20,132.98,90.22,20.04,21.76,1.00,2.44,2.31,-28.14,-22.80,-17.47,0.00,2.49,20.48,0.00,114.88,1.30,0.02,0.00,0.00,0.00,0.01,0.00,0.02,0.00,0.01,0.07,0.10
24.00,1440.00,132.34,89.87,20.04,21.76,1.00,2.44,2.31,-28.10,-22.77,-17.45,0.00,2.52,20.48,0.00,114.31,1.29,0.02,0.00,0.00,0.00,0.01,0.00,0.02,0.00,0.01,0.07,0.10
24.08,1444.80,131.71,89.52,20.04,21.75,1.01,2.44,2.31,-28.06,-22.75,-17.44,0.00,2.55,20.48,0.00,113.74,1.28,0.02,0.00,0.00,0.00,0.01,0.00,0.02,0.00,0.01,0.07,0.10
24.17,1450.20,131.08,89.17,20.04,21.74,1.01,2.44,2.32,-28.03,-22.73,-17.43,0.00,2.57,20.48,0.00,113.19,1.27,0.02,0.00,0.00,0.00,0.01,0.00,0.02,0.00,0.01,0.07,0.10
24.25,1455.00,130.47,88.81,20.04,21.73,1.01,2.44,2.32,-28.00,-22.71,-17.42,0.00,2.60,20.48,0.00,112.63,1.26,0.02,0.00,0.00,0.00,0.01,0.00,0.02,0.00,0.01,0.07,0.10
24.33,1459.80,129.87,88.46,20.04,21.72,1.02,2.44,2.32,-27.97,-22.69,-17.41,0.00,2.62,20.48,0.01,112.09,1.25,0.02,0.00,0.00,0.00,0.01,0.00,0.02,0.00,0.01,0.07,0.10
24.42,1465.20,129.27,88.10,20.04,21.71,1.02,2.44,2.32,-27.95,-22.68,-17.41,0.00,2.65,20.48,0.01,111.55,1.24,0.02,0.00,0.00,0.00,0.01,0.00,0.02,0.00,0.01,0.07,0.10
24.50,1470.00,128.69,87.74,20.04,21.70,1.02,2.44,2.32,-27.92,-22.66,-17.41,0.00,2.67,20.48,0.01,111.02,1.23,0.02,0.00,0.00,0.00,0.01,0.00,0.02,0.00,0.01,0.07,0.10
24.58,1474.80,128.11,87.37,20.04,21.70,1.02,2.44,2.32,-27.90,-22.65,-17.40,0.00,2.70,20.48,0.01,110.50,1.22,0.02,0.00,0.00,0.00,0.01,0.00,0.02,0.00,0.01,0.07,0.10
24.67,1480.20,127.54,87.01,20.04,21.69,1.02,2.44,2.32,-27.88,-22.64,-17.40,0.00,2.72,20.48,0.01,109.98,1.21,0.02,0.00,0.00,0.00,0.01,0.00,0.02,0.00,0.01,0.07,0.10
24.75,1485.00,126.97,86.65,20.04,21.68,1.03,2.44,2.32,-27.86,-22.63,-17.40,0.00,2.74,20.48,0.01,109.47,1.20,0.02,0.00,0.00,0.00,0.01,0.00,0.02,0.00,0.01,0.07,0.10
24.83,1489.80,126.42,86.30,20.04,21.67,1.03,2.44,2.33,-27.83,-22.61,-17.39,0.00,2.77,20.48,0.01,108.96,1.19,0.02,0.00,0.00,0.00,0.01,0.00,0.02,0.00,0.01,0.07,0.10
24.92,1495.20,125.87,85.94,20.04,21.66,1.03,2.44,2.33,-27.81,-22.60,-17.39,0.00,2.79,20.48,0.02,108.46,1.18,0.02,0.00,0.00,0.00,0.01,0.00,0.02,0.00,0.01,0.07,0.10
25.00,1500.00,125.33,85.58,20.04,21.65,1.03,2.44,2.33,-27.79,-22.59,-17.39,0.00,2.81,20.48,0.02,107.96,1.17,0.02,0.00,0.00,0.00,0.01,0.00,0.02,0.00,0.01,0.07,0.10
25.08,1504.80,124.79,85.23,20.04,21.65,1.03,2.44,2.33,-27.78,-22.58,-17.39,0.00,2.83,20.48,0.02,107.47,1.17,0.02,0.00,0.00,0.00,0.01,0.00,0.02,0.00,0.01,0.07,0.10
25.17,1510.20,124.26,84.87,20.04,21.64,1.04,2.44,2.33,-27.76,-22.57,-17.39,0.00,2.85,20.48,0.02,106.99,1.16,0.02,0.00,0.00,0.00,0.01,0.00,0.02,0.00,0.01,0.07,0.10
25.25,1515.00,123.73,84.52,20.04,21.63,1.04,2.44,2.33,-27.75,-22.57,-17.40,0.00,2.87,20.48,0.02,106.51,1.15,0.02,0.00,0.00,0.00,0.01,0.00,0.02,0.00,0.01,0.07,0.10
25.33,1519.80,123.21,84.17,20.04,21.62,1.04,2.44,2.33,-27.73,-22.56,-17.40,0.00,2.89,20.48,0.03,106.04,1.14,0.02,0.00,0.00,0.00,0.01,0.00,0.02,0.00,0.01,0.07,0.10
25.42,1525.20,122.70,83.82,20.04,21.62,1.04,2.44,2.33,-27.71,-22.55,-17.40,0.00,2.91,20.48,0.03,105.57,1.13,0.02,0.00,0.00,0.00,0.01,0.00,0.02,0.00,0.01,0.07,0.10
25.50,1530.00,122.19,83.48,20.04,21.61,1.04,2.44,2.33,-27.70,-22.55,-17.40,0.00,2.93,20.48,0.03,105.10,1.12,0.02,0.00,0.00,0.00,0.01,0.00,0.02,0.00,0.01,0.07,0.10
25.58,1534.80,121.68,83.14,20.04,21.60,1.04,2.44,2.34,-27.69,-22.54,-17.40,0.00,2.95,20.48,0.03,104.64,1.12,0.02,0.00,0.00,0.00,0.01,0.00,0.02,0.00,0.01,0.07,0.10
25.67,1540.20,121.18,82.80,20.04,21.59,1.05,2.44,2.34,-27.67,-22.54,-17.41,0.00,2.97,20.48,0.04,104.19,1.11,0.02,0.00,0.00,0.00,0.01,0.00,0.02,0.00,0.01,0.07,0.10
25.75,1545.00,120.69,82.46,20.04,21.59,1.05,2.44,2.34,-27.66,-22.53,-17.41,0.00,2.99,20.48,0.04,103.74,1.10,0.02,0.00,0.00,0.00,0.01,0.00,0.02,0.00,0.01,0.07,0.10
25.83,1549.80,120.20,82.13,20.04,21.58,1.05,2.44,2.34,-27.65,-22.53,-17.41,0.00,3.00,20.48,0.04,103.29,1.09,0.02,0.00,0.00,0.00,0.01,0.00,0.02,0.00,0.01,0.07,0.10
25.92,1555.20,119.71,81.80,20.04,21.57,1.05,2.44,2.34,-27.64,-22.52,-17.41,0.00,3.02,20.48,0.04,102.85,1.08,0.02,0.00,0.00,0.00,0.01,0.00,0.02,0.00,0.01,0.07,0.10
26.00,1560.00,119.23,81.47,20.04,21.56,1.05,2.44,2.34,-27.62,-22.52,-17.42,0.00,3.04,20.48,0.05,102.41,1.08,0.02,0.00,0.00,0.00,0.01,0.00,0.02,0.00,0.01,0.07,0.10
26.08,1564.80,118.75,81.14,20.04,21.56,1.05,2.44,2.34,-27.61,-22.51,-17.42,0.00,3.05,20.48,0.05,101.97,1.07,0.02,0.00,0.00,0.00,0.01,0.00,0.02,0.00,0.01,0.07,0.10
26.17,1570.20,118.27,80.82,20.04,21.55,1.06,2.44,2.34,-27.60,-22.51,-17.43,0.00,3.07,20.48,0.05,101.54,1.06,0.02,0.00,0.00,0.00,0.01,0.00,0.02,0.00,0.01,0.07,0.10
26.25,1575.00,117.80,80.50,20.04,21.54,1.06,2.44,2.34,-27.59,-22.51,-17.43,0.00,3.09,20.48,0.06,101.12,1.05,0.02,0.00,0.00,0.00,0.01,0.00,0.02,0.00,0.01,0.07,0.10
26.33,1579.80,117.33,80.19,20.04,21.54,1.06,2.44,2.34,-27.58,-22.51,-17.44,0.00,3.10,20.48,0.06,100.70,1.05,0.02,0.00,0.00,0.00,0.01,0.00,0.02,0.00,0.01,0.07,0.10
26.42,1585.20,116.87,79.87,20.04,21.53,1.06,2.44,2.35,-27.57,-22.51,-17.44,0.00,3.12,20.48,0.06,100.28,1.04,0.02,0.00,0.00,0.00,0.01,0.00,0.02,0.00,0.01,0.07,0.10
26.50,1590.00,116.41,79.56,20.04,21.52,1.06,2.44,2.35,-27.57,-22.50,-17.45,0.00,3.13,20.48,0.07,99.86,1.03,0.02,0.00,0.00,0.00,0.01,0.00,0.02,0.00,0.01,0.07,0.10
26.58,1594.80,115.95,79.25,20.04,21.52,1.06,2.44,2.35,-27.56,-22.50,-17.45,0.00,3.15,20.48,0.07,99.45,1.03,0.02,0.00,0.00,0.00,0.01,0.00,0.02,0.00,0.01,0.07,0.10
26.67,1600.20,115.50,78.95,20.04,21.51,1.06,2.44,2.35,-27.55,-22.50,-17.46,0.00,3.16,20.48,0.07,99.04,1.02,0.02,0.00,0.00,0.00,0.01,0.00,0.02,0.00,0.01,0.07,0.10
26.75,1605.00,115.05,78.65,20.04,21.50,1.06,2.44,2.35,-27.55,-22.50,-17.46,0.00,3.18,20.48,0.08,98.64,1.01,0.02,0.00,0.00,0.00,0.01,0.00,0.02,0.00,0.01,0.07,0.10
26.83,1609.80,114.61,78.35,20.04,21.49,1.07,2.44,2.35,-27.54,-22.50,-17.47,0.00,3.19,20.48,0.08,98.24,1.00,0.02,0.00,0.00,0.00,0.01,0.00,0.02,0.00,0.01,0.07,0.10
26.92,1615.20,114.16,78.05,20.04,21.49,1.07,2.44,2.35,-27.53,-22.50,-17.48,0.00,3.20,20.48,0.09,97.84,1.00,0.02,0.00,0.00,0.00,0.01,0.00,0.02,0.00,0.01,0.07,0.10
27.00,1620.00,113.72,77.76,20.04,21.48,1.07,2.44,2.35,-27.42,-22.42,-17.42,0.00,3.22,20.48,0.09,97.40,0.99,0.02,0.00,0.00,0.00,0.01,0.00,0.02,0.00,0.01,0.07,0.10
27.08,1624.80,113.29,77.50,20.04,21.47,1.07,2.44,2.35,-27.36,-22.36,-17.37,0.00,3.23,20.48,0.09,97.02,0.98,0.02,0.00,0.00,0.00,0.01,0.00,0.02,0.00,0.01,0.07,0.10
27.17,1630.20,112.85,77.23,20.04,21.47,1.07,2.44,2.35,-27.37,-22.38,-17.39,0.00,3.24,20.48,0.10,96.64,0.98,0.02,0.00,0.00,0.00,0.01,0.00,0.02,0.00,0.01,0.07,0.10
27.25,1635.00,112.42,76.97,20.04,21.46,1.07,2.44,2.35,-27.38,-22.39,-17.40,0.00,3.26,20.48,0.10,96.26,0.97,0.02,0.00,0.00,0.00,0.01,0.00,0.02,0.00,0.01,0.07,0.10
27.33,1639.80,111.99,76.71,20.04,21.45,1.07,2.44,2.35,-27.38,-22.40,-17.42,0.00,3.27,20.48,0.11,95.89,0.97,0.02,0.00,0.00,0.00,0.01,0.00,0.02,0.00,0.01,0.07,0.10
27.42,1645.20,111.57,76.45,20.04,21.45,1.07,2.44,2.36,-27.39,-22.41,-17.43,0.00,3.28,20.48,0.11,95.51,0.96,0.02,0.00,0.00,0.00,0.01,0.00,0.02,0.00,0.01,0.07,0.10
27.50,1650.00,111.15,76.19,20.04,21.44,1.07,2.44,2.36,-27.39,-22.42,-17.45,0.00,3.29,20.48,0.11,95.15,0.95,0.02,0.00,0.00,0.00,0.01,0.00,0.02,0.00,0.01,0.07,0.10
27.58,1654.80,110.73,75.93,20.04,21.43,1.08,2.44,2.36,-27.40,-22.43,-17.46,0.00,3.30,20.48,0.12,94.78,0.95,0.02,0.00,0.00,0.00,0.01,0.00,0.02,0.00,0.01,0.07,0.10
27.67,1660.20,110.31,75.67,20.04,21.43,1.08,2.44,2.36,-27.40,-22.44,-17.48,0.00,3.32,20.48,0.12,94.42,0.94,0.02,0.00,0.00,0.00,0.01,0.00,0.02,0.00,0.01,0.07,0.10
27.75,1665.00,109.90,75.42,20.04,21.42,1.08,2.44,2.36,-27.41,-22.45,-17.49,0.00,3.33,20.48,0.13,94.05,0.94,0.02,0.00,0.00,0.00,0.01,0.00,0.02,0.00,0.01,0.07,0.10
27.83,1669.80,109.49,75.16,20.04,21.41,1.08,2.44,2.36,-27.41,-22.45,-17.50,0.00,3.34,20.48,0.13,93.70,0.93,0.02,0.00,0.00,0.00,0.01,0.00,0.02,0.00,0.01,0.07,0.10
27.92,1675.20,109.08,74.91,20.04,21.41,1.08,2.44,2.36,-27.42,-22.46,-17.52,0.00,3.35,20.48,0.14,93.34,0.92,0.02,0.00,0.00,0.00,0.01,0.00,0.02,0.00,0.01,0.07,0.10
28.00,1680.00,108.67,74.66,20.04,21.40,1.08,2.44,2.36,-27.42,-22.47,-17.53,0.00,3.36,20.48,0.14,92.99,0.92,0.02,0.00,0.00,0.00,0.01,0.00,0.02,0.00,0.01,0.07,0.10
28.08,1684.80,108.27,74.41,20.04,21.40,1.08,2.44,2.36,-27.43,-22.48,-17.54,0.00,3.37,20.48,0.14,92.64,0.91,0.02,0.00,0.00,0.00,0.01,0.00,0.02,0.00,0.01,0.07,0.10
28.17,1690.20,107.87,74.16,20.04,21.39,1.08,2.44,2.36,-27.43,-22.49,-17.56,0.00,3.38,20.48,0.15,92.29,0.91,0.02,0.00,0.00,0.00,0.01,0.00,0.02,0.00,0.01,0.07,0.10
28.25,1695.00,107.47,73.91,20.04,21.38,1.08,2.44,2.36,-27.43,-22.50,-17.57,0.00,3.39,20.48,0.15,91.94,0.90,0.02,0.00,0.00,0.00,0.01,0.00,0.02,0.00,0.01,0.07,0.10
28.33,1699.80,107.08,73.67,20.04,21.38,1.08,2.44,2.36,-27.44,-22.51,-17.58,0.00,3.40,20.48,0.16,91.60,0.90,0.02,0.00,0.00,0.00,0.01,0.00,0.02,0.00,0.01,0.07,0.10
28.42,1705.20,106.68,73.42,20.04,21.37,1.09,2.44,2.36,-27.44,-22.52,-17.60,0.00,3.41,20.48,0.16,91.26,0.89,0.02,0.00,0.00,0.00,0.01,0.00,0.02,0.00,0.01,0.07,0.10
28.50,1710.00,106.29,73.18,20.04,21.36,1.09,2.44,2.36,-27.45,-22.53,-17.61,0.00,3.42,20.48,0.17,90.92,0.88,0.02,0.00,0.00,0.00,0.01,0.00,0.02,0.00,0.01,0.07,0.10
28.58,1714.80,105.91,72.94,20.04,21.36,1.09,2.44,2.36,-27.45,-22.54,-17.62,0.00,3.43,20.48,0.17,90.58,0.88,0.02,0.00,0.00,0.00,0.01,0.00,0.02,0.00,0.01,0.07,0.10
28.67,1720.20,105.52,72.70,20.04,21.35,1.09,2.44,2.37,-27.46,-22.55,-17.64,0.00,3.44,20.48,0.18,90.25,0.87,0.02,0.00,0.00,0.00,0.01,0.00,0.02,0.00,0.01,0.07,0.10
28.75,1725.00,105.14,72.47,20.04,21.35,1.09,2.44,2.37,-27.47,-22.56,-17.65,0.00,3.45,20.48,0.18,89.92,0.87,0.02,0.00,0.00,0.00,0.01,0.00,0.02,0.00,0.01,0.07,0.10
28.83,1729.80,104.76,72.23,20.04,21.34,1.09,2.44,2.37,-27.47,-22.57,-17.66,0.00,3.46,20.48,0.18,89.59,0.86,0.02,0.00,0.00,0.00,0.00,0.00,0.02,0.00,0.00,0.07,0.10
28.92,1735.20,104.38,72.00,20.04,21.33,1.09,2.44,2.37,-27.48,-22.57,-17.68,0.00,3.46,20.48,0.19,89.26,0.86,0.02,0.00,0.00,0.00,0.00,0.00,0.02,0.00,0.00,0.07,0.10
29.00,1740.00,104.00,71.76,20.04,21.33,1.09,2.44,2.37,-27.48,-22.58,-17.69,0.00,3.47,20.48,0.19,88.94,0.85,0.02,0.00,0.00,0.00,0.00,0.00,0.02,0.00,0.00,0.07,0.10
29.08,1744.80,103.63,71.53,20.04,21.32,1.09,2.44,2.37,-27.49,-22.59,-17.70,0.00,3.48,20.48,0.20,88.62,0.85,0.02,0.00,0.00,0.00,0.00,0.00,0.02,0.00,0.00,0.07,0.10
29.17,1750.20,103.25,71.30,20.04,21.31,1.09,2.44,2.37,-27.50,-22.60,-17.72,0.00,3.49,20.48,0.20,88.30,0.84,0.02,0.00,0.00,0.00,0.00,0.00,0.02,0.00,0.00,0.07,0.10
29.25,1755.00,102.88,71.07,20.04,21.31,1.09,2.44,2.37,-27.50,-22.61,-17.73,0.00,3.50,20.48,0.21,87.98,0.84,0.02,0.00,0.00,0.00,0.00,0.00,0.02,0.00,0.00,0.07,0.10
29.33,1759.80,102.52,70.85,20.04,21.30,1.09,2.44,2.37,-27.51,-22.62,-17.75,0.00,3.51,20.48,0.21,87.67,0.83,0.02,0.00,0.00,0.00,0.00,0.00,0.02,0.00,0.00,0.07,0.10
29.42,1765.20,102.15,70.62,20.04,21.30,1.10,2.44,2.37,-27.52,-22.64,-17.76,0.00,3.51,20.48,0.22,87.35,0.83,0.02,0.00,0.00,0.00,0.00,0.00,0.02,0.00,0.00,0.07,0.10
29.50,1770.00,101.79,70.40,20.04,21.29,1.10,2.44,2.37,-27.52,-22.65,-17.77,0.00,3.52,20.48,0.22,87.04,0.82,0.02,0.00,0.00,0.00,0.00,0.00,0.02,0.00,0.00,0.07,0.10
29.58,1774.80,101.43,70.18,20.04,21.29,1.10,2.44,2.37,-27.53,-22.66,-17.79,0.00,3.53,20.48,0.23,86.73,0.82,0.02,0.00,0.00,0.00,0.00,0.00,0.02,0.00,0.00,0.07,0.10
29.67,1780.20,101.07,69.96,20.04,21.28,1.10,2.44,2.37,-27.54,-22.67,-17.80,0.00,3.54,20.48,0.23,86.43,0.81,0.02,0.00,0.00,0.00,0.00,0.00,0.02,0.00,0.00,0.07,0.10
29.75,1785.00,100.71,69.74,20.04,21.27,1.10,2.44,2.37,-27.54,-22.68,-17.82,0.00,3.54,20.48,0.23,86.12,0.81,0.02,0.00,0.00,0.00,0.00,0.00,0.02,0.00,0.00,0.07,0.10
29.83,1789.80,100.35,69.52,20.04,21.27,1.10,2.44,2.37,-27.55,-22.69,-17.83,0.00,3.55,20.48,0.24,85.82,0.80,0.02,0.00,0.00,0.00,0.00,0.00,0.02,0.00,0.00,0.07,0.10
29.92,1795.20,100.00,69.30,20.04,21.26,1.10,2.44,2.37,-27.56,-22.70,-17.84,0.00,3.56,20.48,0.24,85.52,0.80,0.02,0.00,0.00,0.00,0.00,0.00,0.02,0.00,0.00,0.07,0.10
30.00,1800.00,99.65,69.09,20.04,21.26,1.10,2.44,2.37,-27.56,-22.71,-17.86,0.00,3.56,20.48,0.25,85.22,0.79,0.02,0.00,0.00,0.00,0.00,0.00,0.02,0.00,0.00,0.07,0.10
30.08,1804.80,99.30,68.87,20.04,21.25,1.10,2.44,2.37,-27.57,-22.72,-17.87,0.00,3.57,20.48,0.25,84.92,0.79,0.02,0.00,0.00,0.00,0.00,0.00,0.02,0.00,0.00,0.07,0.10
30.17,1810.20,98.95,68.66,20.04,21.24,1.10,2.44,2.37,-27.58,-22.73,-17.89,0.00,3.58,20.48,0.26,84.63,0.78,0.02,0.00,0.00,0.00,0.00,0.00,0.02,0.00,0.00,0.07,0.10
30.25,1815.00,98.61,68.45,20.04,21.24,1.10,2.44,2.38,-27.59,-22.74,-17.90,0.00,3.58,20.48,0.26,84.34,0.78,0.02,0.00,0.00,0.00,0.00,0.00,0.02,0.00,0.00,0.07,0.10
30.33,1819.80,98.26,68.24,20.04,21.23,1.10,2.44,2.38,-27.60,-22.75,-17.91,0.00,3.59,20.48,0.27,84.05,0.78,0.02,0.00,0.00,0.00,0.00,0.00,0.02,0.00,0.00,0.07,0.10
30.42,1825.20,97.92,68.03,20.04,21.23,1.10,2.44,2.38,-27.60,-22.76,-17.93,0.00,3.60,20.48,0.27,83.76,0.77,0.02,0.00,0.00,0.00,0.00,0.00,0.02,0.00,0.00,0.07,0.10
30.50,1830.00,97.58,67.82,20.04,21.22,1.10,2.44,2.38,-27.61,-22.78,-17.94,0.00,3.60,20.48,0.27,83.47,0.77,0.02,0.00,0.00,0.00,0.00,0.00,0.02,0.00,0.00,0.07,0.10
30.58,1834.80,97.24,67.62,20.04,21.22,1.10,2.44,2.38,-27.62,-22.79,-17.96,0.00,3.61,20.48,0.28,83.18,0.76,0.02,0.00,0.00,0.00,0.00,0.00,0.02,0.00,0.00,0.07,0.10
30.67,1840.20,96.91,67.41,20.04,21.21,1.11,2.44,2.38,-27.63,-22.80,-17.97,0.00,3.61,20.48,0.28,82.90,0.76,0.02,0.00,0.00,0.00,0.00,0.00,0.02,0.00,0.00,0.07,0.10
30.75,1845.00,96.57,67.21,20.04,21.21,1.11,2.44,2.38,-27.64,-22.81,-17.99,0.00,3.62,20.48,0.29,82.62,0.75,0.02,0.00,0.00,0.00,0.00,0.00,0.02,0.00,0.00,0.07,0.10
30.83,1849.80,96.24,67.01,20.04,21.20,1.11,2.44,2.38,-27.64,-22.82,-18.00,0.00,3.63,20.48,0.29,82.34,0.75,0.02,0.00,0.00,0.00,0.00,0.00,0.02,0.00,0.00,0.07,0.10
30.92,1855.20,95.91,66.80,20.04,21.19,1.11,2.44,2.38,-27.65,-22.83,-18.01,0.00,3.63,20.48,0.30,82.06,0.74,0.02,0.00,0.00,0.00,0.00,0.00,0.02,0.00,0.00,0.07,0.10
31.00,1860.00,95.58,66.61,20.04,21.19,1.11,2.44,2.38,-27.66,-22.84,-18.03,0.00,3.64,20.48,0.30,81.79,0.74,0.02,0.00,0.00,0.00,0.00,0.00,0.02,0.00,0.00,0.07,0.10
31.08,1864.80,95.26,66.41,20.04,21.18,1.11,2.44,2.38,-27.67,-22.85,-18.04,0.00,3.64,20.48,0.30,81.51,0.74,0.02,0.00,0.00,0.00,0.00,0.00,0.02,0.00,0.00,0.07,0.10
31.17,1870.20,94.93,66.21,20.04,21.18,1.11,2.44,2.38,-27.67,-22.86,-18.06,0.00,3.65,20.48,0.31,81.24,0.73,0.02,0.00,0.00,0.00,0.00,0.00,0.02,0.00,0.00,0.07,0.10
31.25,1875.00,94.61,66.01,20.04,21.17,1.11,2.44,2.38,-27.68,-22.87,-18.07,0.00,3.65,20.48,0.31,80.97,0.73,0.02,0.00,0.00,0.00,0.00,0.00,0.02,0.00,0.00,0.07,0.10
31.33,1879.80,94.29,65.82,20.04,21.17,1.11,2.44,2.38,-27.69,-22.89,-18.08,0.00,3.66,20.48,0.32,80.70,0.72,0.02,0.00,0.00,0.00,0.00,0.00,0.02,0.00,0.00,0.07,0.10
31.42,1885.20,93.97,65.62,20.04,21.16,1.11,2.44,2.38,-27.70,-22.90,-18.10,0.00,3.66,20.48,0.32,80.43,0.72,0.02,0.00,0.00,0.00,0.00,0.00,0.02,0.00,0.00,0.07,0.10
31.50,1890.00,93.65,65.43,20.04,21.16,1.11,2.44,2.38,-27.71,-22.91,-18.11,0.00,3.67,20.48,0.32,80.17,0.72,0.02,0.00,0.00,0.00,0.00,0.00,0.02,0.00,0.00,0.07,0.10
31.58,1894.80,93.33,65.24,20.04,21.15,1.11,2.44,2.38,-27.72,-22.92,-18.13,0.00,3.67,20.48,0.33,79.91,0.71,0.02,0.00,0.00,0.00,0.00,0.00,0.02,0.00,0.00,0.07,0.10
31.67,1900.20,93.02,65.05,20.04,21.15,1.11,2.44,2.38,-27.73,-22.93,-18.14,0.00,3.68,20.48,0.33,79.64,0.71,0.02,0.00,0.00,0.00,0.00,0.00,0.02,0.00,0.00,0.07,0.10
31.75,1905.00,92.71,64.86,20.04,21.14,1.11,2.44,2.38,-27.74,-22.95,-18.16,0.00,3.68,20.48,0.34,79.38,0.70,0.02,0.00,0.00,0.00,0.00,0.00,0.02,0.00,0.00,0.07,0.10
31.83,1909.80,92.40,64.67,20.04,21.14,1.11,2.44,2.38,-27.76,-22.97,-18.18,0.00,3.69,20.48,0.34,79.12,0.70,0.02,0.00,0.00,0.00,0.00,0.00,0.02,0.00,0.00,0.07,0.10
31.92,1915.20,92.09,64.48,20.04,21.13,1.11,2.44,2.38,-27.77,-22.98,-18.20,0.00,3.69,20.48,0.34,78.87,0.70,0.02,0.00,0.00,0.00,0.00,0.00,0.02,0.00,0.00,0.07,0.10
32.00,1920.00,91.78,64.29,20.04,21.12,1.11,2.44,2.38,-27.80,-23.01,-18.22,0.00,3.69,20.48,0.35,78.61,0.69,0.02,0.00,0.00,0.00,0.00,0.00,0.02,0.00,0.00,0.07,0.10
32.08,1924.80,91.47,64.11,20.04,21.12,1.11,2.44,2.38,-27.81,-23.03,-18.24,0.00,3.70,20.48,0.35,78.36,0.69,0.02,0.00,0.00,0.00,0.00,0.00,0.02,0.00,0.00,0.07,0.10
32.17,1930.20,91.17,63.92,20.04,21.11,1.11,2.44,2.38,-27.83,-23.05,-18.26,0.00,3.70,20.48,0.36,78.10,0.68,0.02,0.00,0.00,0.00,0.00,0.00,0.02,0.00,0.00,0.07,0.10
32.25,1935.00,90.87,63.73,20.04,21.11,1.12,2.44,2.38,-27.85,-23.07,-18.29,0.00,3.71,20.48,0.36,77.85,0.68,0.02,0.00,0.00,0.00,0.00,0.00,0.02,0.00,0.00,0.07,0.10
32.33,1939.80,90.57,63.55,20.04,21.10,1.12,2.44,2.38,-27.87,-23.08,-18.31,0.00,3.71,20.48,0.36,77.60,0.68,0.02,0.00,0.00,0.00,0.00,0.00,0.02,0.00,0.00,0.07,0.10
32.42,1945.20,90.27,63.37,20.04,21.10,1.12,2.44,2.38,-27.88,-23.10,-18.33,0.00,3.71,20.48,0.37,77.35,0.67,0.02,0.00,0.00,0.00,0.00,0.00,0.02,0.00,0.00,0.07,0.10
32.50,1950.00,89.97,63.18,20.04,21.09,1.12,2.44,2.38,-27.90,-23.12,-18.35,0.00,3.72,20.48,0.37,77.10,0.67,0.02,0.00,0.00,0.00,0.00,0.00,0.02,0.00,0.00,0.07,0.10
32.58,1954.80,89.67,63.00,20.04,21.09,1.12,2.44,2.38,-27.92,-23.14,-18.37,0.00,3.72,20.48,0.38,76.85,0.67,0.02,0.00,0.00,0.00,0.00,0.00,0.02,0.00,0.00,0.07,0.10
32.67,1960.20,89.38,62.82,20.04,21.08,1.12,2.44,2.39,-27.93,-23.16,-18.39,0.00,3.73,20.48,0.38,76.60,0.66,0.02,0.00,0.00,0.00,0.00,0.00,0.02,0.00,0.00,0.07,0.10
32.75,1965.00,89.08,62.64,20.04,21.08,1.12,2.44,2.39,-27.95,-23.18,-18.40,0.00,3.73,20.48,0.38,76.36,0.66,0.02,0.00,0.00,0.00,0.00,0.00,0.02,0.00,0.00,0.07,0.10
32.83,1969.80,88.79,62.47,20.04,21.07,1.12,2.44,2.39,-27.97,-23.19,-18.42,0.00,3.73,20.48,0.39,76.11,0.66,0.02,0.00,0.00,0.00,0.00,0.00,0.02,0.00,0.00,0.07,0.10
32.92,1975.20,88.50,62.29,20.04,21.07,1.12,2.44,2.39,-27.98,-23.21,-18.44,0.00,3.74,20.48,0.39,75.87,0.65,0.02,0.00,0.00,0.00,0.00,0.00,0.02,0.00,0.00,0.07,0.10
33.00,1980.00,88.21,62.11,20.04,21.06,1.12,2.44,2.39,-27.99,-23.23,-18.46,0.00,3.74,20.48,0.39,75.63,0.65,0.02,0.00,0.00,0.00,0.00,0.00,0.02,0.00,0.00,0.07,0.10
33.08,1984.80,87.92,61.94,20.04,21.06,1.12,2.44,2.39,-28.01,-23.24,-18.48,0.00,3.74,20.48,0.40,75.39,0.64,0.02,0.00,0.00,0.00,0.00,0.00,0.02,0.00,0.00,0.07,0.10
33.17,1990.20,87.64,61.76,20.04,21.05,1.12,2.44,2.39,-28.02,-23.26,-18.50,0.00,3.75,20.48,0.40,75.15,0.64,0.02,0.00,0.00,0.00,0.00,0.00,0.02,0.00,0.00,0.07,0.10
33.25,1995.00,87.35,61.59,20.04,21.05,1.13,2.44,2.39,-28.04,-23.27,-18.51,0.00,3.75,20.48,0.40,74.91,0.64,0.02,0.00,0.00,0.00,0.00,0.00,0.02,0.00,0.00,0.07,0.10
33.33,1999.80,87.07,61.42,20.04,21.04,1.13,2.44,2.39,-28.05,-23.29,-18.53,0.00,3.75,20.48,0.41,74.68,0.63,0.02,0.00,0.00,0.00,0.00,0.00,0.02,0.00,0.00,0.07,0.10
33.42,2005.20,86.78,61.25,20.04,21.04,1.13,2.44,2.39,-28.06,-23.30,-18.55,0.00,3.76,20.48,0.41,74.44,0.63,0.02,0.00,0.00,0.00,0.00,0.00,0.02,0.00,0.00,0.07,0.10
33.50,2010.00,86.50,61.08,20.04,21.04,1.13,2.44,2.39,-28.08,-23.32,-18.56,0.00,3.76,20.48,0.41,74.21,0.63,0.02,0.00,0.00,0.00,0.00,0.00,0.02,0.00,0.00,0.07,0.10
33.58,2014.80,86.22,60.91,20.04,21.03,1.13,2.44,2.39,-28.09,-23.33,-18.58,0.00,3.76,20.48,0.42,73.98,0.62,0.02,0.00,0.00,0.00,0.00,0.00,0.02,0.00,0.00,0.07,0.10
33.67,2020.20,85.95,60.74,20.04,21.03,1.13,2.44,2.39,-28.10,-23.35,-18.60,0.00,3.77,20.48,0.42,73.75,0.62,0.02,0.00,0.00,0.00,0.00,0.00,0.02,0.00,0.00,0.07,0.10
33.75,2025.00,85.67,60.57,20.04,21.02,1.13,2.44,2.39,-28.12,-23.36,-18.61,0.00,3.77,20.48,0.42,73.52,0.62,0.02,0.00,0.00,0.00,0.00,0.00,0.02,0.00,0.00,0.07,0.10
33.83,2029.80,85.39,60.41,20.04,21.02,1.13,2.44,2.39,-28.13,-23.38,-18.63,0.00,3.77,20.48,0.43,73.29,0.61,0.02,0.00,0.00,0.00,0.00,0.00,0.02,0.00,0.00,0.07,0.10
33.92,2035.20,85.12,60.24,20.04,21.01,1.14,2.44,2.39,-28.14,-23.39,-18.65,0.00,3.78,20.48,0.43,73.06,0.61,0.02,0.00,0.00,0.00,0.00,0.00,0.02,0.00,0.00,0.07,0.10
34.00,2040.00,84.85,60.08,20.04,21.01,1.14,2.44,2.39,-28.15,-23.41,-18.66,0.00,3.78,20.48,0.43,72.83,0.61,0.02,0.00,0.00,0.00,0.00,0.00,0.02,0.00,0.00,0.07,0.10
34.08,2044.80,84.58,59.92,20.04,21.00,1.14,2.44,2.39,-28.17,-23.42,-18.68,0.00,3.78,20.48,0.44,72.61,0.60,0.02,0.00,0.00,0.00,0.00,0.00,0.02,0.00,0.00,0.07,0.10
34.17,2050.20,84.31,59.76,20.04,21.00,1.14,2.44,2.39,-28.18,-23.43,-18.70,0.00,3.78,20.48,0.44,72.39,0.60,0.02,0.00,0.00,0.00,0.00,0.00,0.02,0.00,0.00,0.07,0.10
34.25,2055.00,84.04,59.60,20.04,20.99,1.14,2.44,2.39,-28.19,-23.45,-18.71,0.00,3.79,20.48,0.44,72.16,0.60,0.02,0.00,0.00,0.00,0.00,0.00,0.02,0.00,0.00,0.07,0.10
34.33,2059.80,83.77,59.44,20.04,20.99,1.14,2.44,2.39,-28.20,-23.46,-18.73,0.00,3.79,20.48,0.44,71.94,0.59,0.02,0.00,0.00,0.00,0.00,0.00,0.02,0.00,0.00,0.07,0.10
34.42,2065.20,83.50,59.28,20.04,20.98,1.14,2.44,2.39,-28.21,-23.48,-18.74,0.00,3.79,20.48,0.45,71.72,0.59,0.02,0.00,0.00,0.00,0.00,0.00,0.02,0.00,0.00,0.07,0.10
34.50,2070.00,83.24,59.13,20.04,20.98,1.14,2.44,2.39,-28.22,-23.49,-18.76,0.00,3.79,20.48,0.45,71.50,0.59,0.02,0.00,0.00,0.00,0.00,0.00,0.02,0.00,0.00,0.07,0.10
34.58,2074.80,82.98,58.97,20.04,20.98,1.15,2.44,2.39,-28.23,-23.50,-18.77,0.00,3.80,20.48,0.45,71.29,0.59,0.02,0.00,0.00,0.00,0.00,0.00,0.02,0.00,0.00,0.07,0.10
34.67,2080.20,82.71,58.82,20.04,20.97,1.15,2.44,2.39,-28.25,-23.52,-18.79,0.00,3.80,20.48,0.46,71.07,0.58,0.02,0.00,0.00,0.00,0.00,0.00,0.02,0.00,0.00,0.07,0.10
34.75,2085.00,82.45,58.66,20.04,20.97,1.15,2.44,2.39,-28.26,-23.53,-18.80,0.00,3.80,20.48,0.46,70.86,0.58,0.02,0.00,0.00,0.00,0.00,0.00,0.02,0.00,0.00,0.07,0.10
34.83,2089.80,82.19,58.51,20.04,20.96,1.15,2.44,2.39,-28.27,-23.54,-18.82,0.00,3.80,20.48,0.46,70.64,0.58,0.02,0.00,0.00,0.00,0.00,0.00,0.02,0.00,0.00,0.07,0.10
34.92,2095.20,81.93,58.36,20.04,20.96,1.15,2.44,2.39,-28.28,-23.55,-18.83,0.00,3.81,20.48,0.46,70.43,0.57,0.02,0.00,0.00,0.00,0.00,0.00,0.02,0.00,0.00,0.07,0.10
35.00,2100.00,81.68,58.21,20.04,20.95,1.15,2.44,2.39,-28.29,-23.57,-18.85,0.00,3.81,20.48,0.47,70.22,0.57,0.02,0.00,0.00,0.00,0.00,0.00,0.02,0.00,0.00,0.07,0.10
35.08,2104.80,81.42,58.06,20.04,20.95,1.15,2.44,2.39,-28.30,-23.58,-18.86,0.00,3.81,20.48,0.47,70.01,0.57,0.02,0.00,0.00,0.00,0.00,0.00,0.02,0.00,0.00,0.07,0.10
35.17,2110.20,81.17,57.91,20.04,20.94,1.16,2.44,2.39,-28.31,-23.59,-18.88,0.00,3.81,20.48,0.47,69.80,0.56,0.02,0.00,0.00,0.00,0.00,0.00,0.02,0.00,0.00,0.07,0.10
35.25,2115.00,80.91,57.76,20.04,20.94,1.16,2.44,2.39,-28.32,-23.61,-18.89,0.00,3.81,20.48,0.47,69.59,0.56,0.02,0.00,0.00,0.00,0.00,0.00,0.02,0.00,0.00,0.07,0.10
35.33,2119.80,80.66,57.62,20.04,20.94,1.16,2.44,2.39,-28.33,-23.62,-18.91,0.00,3.82,20.48,0.48,69.39,0.56,0.02,0.00,0.00,0.00,0.00,0.00,0.02,0.00,0.00,0.07,0.10
35.42,2125.20,80.41,57.47,20.04,20.93,1.16,2.44,2.39,-28.34,-23.63,-18.92,0.00,3.82,20.48,0.48,69.18,0.56,0.02,0.00,0.00,0.00,0.00,0.00,0.02,0.00,0.00,0.07,0.10
35.50,2130.00,80.16,57.32,20.04,20.93,1.16,2.44,2.39,-28.35,-23.64,-18.93,0.00,3.82,20.48,0.48,68.98,0.55,0.02,0.00,0.00,0.00,0.00,0.00,0.02,0.00,0.00,0.07,0.10
35.58,2134.80,79.91,57.18,20.04,20.92,1.16,2.44,2.39,-28.36,-23.65,-18.95,0.00,3.82,20.48,0.48,68.78,0.55,0.02,0.00,0.00,0.00,0.00,0.00,0.02,0.00,0.00,0.07,0.10
35.67,2140.20,79.66,57.04,20.04,20.92,1.16,2.44,2.39,-28.37,-23.67,-18.96,0.00,3.83,20.48,0.49,68.58,0.55,0.02,0.00,0.00,0.00,0.00,0.00,0.02,0.00,0.00,0.07,0.10
35.75,2145.00,79.42,56.90,20.04,20.91,1.17,2.44,2.39,-28.38,-23.68,-18.98,0.00,3.83,20.48,0.49,68.38,0.54,0.02,0.00,0.00,0.00,0.00,0.00,0.02,0.00,0.00,0.07,0.10
35.83,2149.80,79.17,56.76,20.04,20.91,1.17,2.44,2.39,-28.39,-23.69,-18.99,0.00,3.83,20.48,0.49,68.18,0.54,0.02,0.00,0.00,0.00,0.00,0.00,0.02,0.00,0.00,0.07,0.10
35.92,2155.20,78.93,56.62,20.04,20.91,1.17,2.44,2.39,-28.40,-23.70,-19.00,0.00,3.83,20.48,0.49,67.98,0.54,0.02,0.00,0.00,0.00,0.00,0.00,0.02,0.00,0.00,0.07,0.10
36.00,2160.00,78.68,56.48,20.04,20.90,1.17,2.44,2.39,-28.41,-23.71,-19.02,0.00,3.83,20.48,0.50,67.78,0.54,0.02,0.00,0.00,0.00,0.00,0.00,0.02,0.00,0.00,0.07,0.10
36.08,2164.80,78.44,56.34,20.04,20.90,1.17,2.44,2.39,-28.42,-23.73,-19.03,0.00,3.83,20.48,0.50,67.59,0.53,0.02,0.00,0.00,0.00,0.00,0.00,0.02,0.00,0.00,0.07,0.10
36.17,2170.20,78.20,56.20,20.04,20.89,1.17,2.44,2.39,-28.43,-23.74,-19.05,0.00,3.84,20.48,0.50,67.39,0.53,0.02,0.00,0.00,0.00,0.00,0.00,0.02,0.00,0.00,0.07,0.10
36.25,2175.00,77.96,56.06,20.04,20.89,1.18,2.44,2.39,-28.44,-23.75,-19.06,0.00,3.84,20.48,0.50,67.20,0.53,0.02,0.00,0.00,0.00,0.00,0.00,0.02,0.00,0.00,0.07,0.10
36.33,2179.80,77.73,55.93,20.04,20.89,1.18,2.44,2.39,-28.45,-23.76,-19.07,0.00,3.84,20.48,0.50,67.00,0.53,0.02,0.00,0.00,0.00,0.00,0.00,0.02,0.00,0.00,0.07,0.10
36.42,2185.20,77.49,55.79,20.04,20.88,1.18,2.44,2.39,-28.46,-23.77,-19.09,0.00,3.84,20.48,0.51,66.81,0.52,0.02,0.00,0.00,0.00,0.00,0.00,0.02,0.00,0.00,0.07,0.10
36.50,2190.00,77.25,55.66,20.04,20.88,1.18,2.44,2.39,-28.47,-23.78,-19.10,0.00,3.84,20.48,0.51,66.62,0.52,0.02,0.00,0.00,0.00,0.00,0.00,0.02,0.00,0.00,0.07,0.10
36.58,2194.80,77.02,55.53,20.04,20.87,1.18,2.44,2.39,-28.48,-23.80,-19.11,0.00,3.84,20.48,0.51,66.43,0.52,0.02,0.00,0.00,0.00,0.00,0.00,0.02,0.00,0.00,0.07,0.10
36.67,2200.20,76.78,55.39,20.04,20.87,1.18,2.44,2.39,-28.49,-23.81,-19.13,0.00,3.85,20.48,0.51,66.25,0.52,0.02,0.00,0.00,0.00,0.00,0.00,0.02,0.00,0.00,0.07,0.10
36.75,2205.00,76.55,55.26,20.04,20.87,1.19,2.44,2.39,-28.50,-23.82,-19.14,0.00,3.85,20.48,0.52,66.06,0.51,0.02,0.00,0.00,0.00,0.00,0.00,0.02,0.00,0.00,0.07,0.10
36.83,2209.80,76.32,55.13,20.04,20.86,1.19,2.44,2.39,-28.51,-23.83,-19.15,0.00,3.85,20.48,0.52,65.87,0.51,0.02,0.00,0.00,0.00,0.00,0.00,0.02,0.00,0.00,0.07,0.10
36.92,2215.20,76.09,55.00,20.04,20.86,1.19,2.44,2.39,-28.52,-23.84,-19.17,0.00,3.85,20.48,0.52,65.69,0.51,0.02,0.00,0.00,0.00,0.00,0.00,0.02,0.00,0.00,0.07,0.10
37.00,2220.00,75.86,54.87,20.04,20.85,1.19,2.44,2.39,-28.53,-23.85,-19.18,0.00,3.85,20.48,0.52,65.50,0.51,0.02,0.00,0.00,0.00,0.00,0.00,0.02,0.00,0.00,0.07,0.10
37.08,2224.80,75.63,54.74,20.04,20.85,1.19,2.44,2.39,-28.54,-23.86,-19.19,0.00,3.85,20.48,0.52,65.32,0.50,0.02,0.00,0.00,0.00,0.00,0.00,0.02,0.00,0.00,0.07,0.10
37.17,2230.20,75.41,54.62,20.04,20.85,1.20,2.44,2.39,-28.55,-23.87,-19.20,0.00,3.86,20.48,0.52,65.14,0.50,0.02,0.00,0.00,0.00,0.00,0.00,0.02,0.00,0.00,0.07,0.10
37.25,2235.00,75.18,54.49,20.04,20.84,1.20,2.44,2.39,-28.56,-23.89,-19.22,0.00,3.86,20.48,0.53,64.96,0.50,0.02,0.00,0.00,0.00,0.00,0.00,0.02,0.00,0.00,0.07,0.10
37.33,2239.80,74.96,54.36,20.04,20.84,1.20,2.44,2.39,-28.57,-23.90,-19.23,0.00,3.86,20.48,0.53,64.78,0.50,0.02,0.00,0.00,0.00,0.00,0.00,0.02,0.00,0.00,0.07,0.10
37.42,2245.20,74.73,54.24,20.04,20.83,1.20,2.44,2.39,-28.58,-23.91,-19.24,0.00,3.86,20.48,0.53,64.60,0.49,0.02,0.00,0.00,0.00,0.00,0.00,0.02,0.00,0.00,0.07,0.10
37.50,2250.00,74.51,54.11,20.04,20.83,1.20,2.44,2.40,-28.59,-23.92,-19.25,0.00,3.86,20.48,0.53,64.42,0.49,0.02,0.00,0.00,0.00,0.00,0.00,0.02,0.00,0.00,0.07,0.10
37.58,2254.80,74.29,53.99,20.04,20.83,1.20,2.44,2.40,-28.59,-23.93,-19.27,0.00,3.86,20.48,0.53,64.25,0.49,0.02,0.00,0.00,0.00,0.00,0.00,0.02,0.00,0.00,0.07,0.10
37.67,2260.20,74.07,53.87,20.04,20.82,1.21,2.44,2.40,-28.60,-23.94,-19.28,0.00,3.86,20.48,0.54,64.07,0.49,0.02,0.00,0.00,0.00,0.00,0.00,0.02,0.00,0.00,0.07,0.10
37.75,2265.00,73.85,53.75,20.04,20.82,1.21,2.44,2.40,-28.61,-23.95,-19.29,0.00,3.86,20.48,0.54,63.90,0.48,0.02,0.00,0.00,0.00,0.00,0.00,0.02,0.00,0.00,0.07,0.10
37.83,2269.80,73.63,53.62,20.04,20.82,1.21,2.44,2.40,-28.62,-23.96,-19.31,0.00,3.87,20.48,0.54,63.72,0.48,0.02,0.00,0.00,0.00,0.00,0.00,0.02,0.00,0.00,0.07,0.10
37.92,2275.20,73.41,53.50,20.04,20.81,1.21,2.44,2.40,-28.63,-23.97,-19.32,0.00,3.87,20.48,0.54,63.55,0.48,0.02,0.00,0.00,0.00,0.00,0.00,0.02,0.00,0.00,0.07,0.10
38.00,2280.00,73.20,53.38,20.04,20.81,1.21,2.44,2.40,-28.64,-23.98,-19.33,0.00,3.87,20.48,0.54,63.38,0.48,0.02,0.00,0.00,0.00,0.00,0.00,0.02,0.00,0.00,0.07,0.10
38.08,2284.80,72.98,53.26,20.04,20.80,1.22,2.44,2.40,-28.65,-23.99,-19.34,0.00,3.87,20.48,0.54,63.21,0.47,0.02,0.00,0.00,0.00,0.00,0.00,0.02,0.00,0.00,0.07,0.10
38.17,2290.20,72.77,53.14,20.04,20.80,1.22,2.44,2.40,-28.66,-24.00,-19.35,0.00,3.87,20.48,0.54,63.04,0.47,0.02,0.00,0.00,0.00,0.00,0.00,0.02,0.00,0.00,0.07,0.10
38.25,2295.00,72.55,53.03,20.04,20.80,1.22,2.44,2.40,-28.67,-24.02,-19.37,0.00,3.87,20.48,0.55,62.87,0.47,0.02,0.00,0.00,0.00,0.00,0.00,0.02,0.00,0.00,0.07,0.10
38.33,2299.80,72.34,52.91,20.04,20.79,1.22,2.44,2.40,-28.68,-24.03,-19.38,0.00,3.87,20.48,0.55,62.70,0.47,0.02,0.00,0.00,0.00,0.00,0.00,0.02,0.00,0.00,0.07,0.10
38.42,2305.20,72.13,52.79,20.04,20.79,1.22,2.44,2.40,-28.68,-24.04,-19.39,0.00,3.87,20.48,0.55,62.53,0.47,0.02,0.00,0.00,0.00,0.00,0.00,0.02,0.00,0.00,0.07,0.10
38.50,2310.00,71.92,52.68,20.04,20.79,1.22,2.44,2.40,-28.69,-24.05,-19.40,0.00,3.87,20.48,0.55,62.37,0.46,0.02,0.00,0.00,0.00,0.00,0.00,0.02,0.00,0.00,0.07,0.10
38.58,2314.80,71.71,52.56,20.04,20.78,1.23,2.44,2.40,-28.70,-24.06,-19.42,0.00,3.88,20.48,0.55,62.20,0.46,0.02,0.00,0.00,0.00,0.00,0.00,0.02,0.00,0.00,0.07,0.10
38.67,2320.20,71.50,52.44,20.04,20.78,1.23,2.44,2.40,-28.71,-24.07,-19.43,0.00,3.88,20.48,0.55,62.04,0.46,0.02,0.00,0.00,0.00,0.00,0.00,0.02,0.00,0.00,0.07,0.10
38.75,2325.00,71.29,52.33,20.04,20.78,1.23,2.44,2.40,-28.72,-24.08,-19.44,0.00,3.88,20.48,0.55,61.88,0.46,0.02,0.00,0.00,0.00,0.00,0.00,0.02,0.00,0.00,0.07,0.10
38.83,2329.80,71.09,52.22,20.04,20.77,1.23,2.44,2.40,-28.73,-24.09,-19.45,0.00,3.88,20.48,0.56,61.71,0.45,0.02,0.00,0.00,0.00,0.00,0.00,0.02,0.00,0.00,0.07,0.10
38.92,2335.20,70.88,52.10,20.04,20.77,1.23,2.44,2.40,-28.74,-24.10,-19.46,0.00,3.88,20.48,0.56,61.55,0.45,0.02,0.00,0.00,0.00,0.00,0.00,0.02,0.00,0.00,0.07,0.10
39.00,2340.00,70.68,51.99,20.04,20.77,1.24,2.44,2.40,-28.74,-24.11,-19.47,0.00,3.88,20.48,0.56,61.39,0.45,0.02,0.00,0.00,0.00,0.00,0.00,0.02,0.00,0.00,0.07,0.10
39.08,2344.80,70.47,51.88,20.04,20.76,1.24,2.44,2.40,-28.75,-24.12,-19.49,0.00,3.88,20.48,0.56,61.23,0.45,0.02,0.00,0.00,0.00,0.00,0.00,0.02,0.00,0.00,0.07,0.10
39.17,2350.20,70.27,51.77,20.04,20.76,1.24,2.44,2.40,-28.76,-24.13,-19.50,0.00,3.88,20.48,0.56,61.07,0.45,0.02,0.00,0.00,0.00,0.00,0.00,0.02,0.00,0.00,0.07,0.10
39.25,2355.00,70.07,51.66,20.04,20.75,1.24,2.44,2.40,-28.77,-24.14,-19.51,0.00,3.88,20.48,0.56,60.92,0.44,0.02,0.00,0.00,0.00,0.00,0.00,0.02,0.00,0.00,0.07,0.10
39.33,2359.80,69.87,51.55,20.04,20.75,1.24,2.44,2.40,-28.78,-24.15,-19.52,0.00,3.88,20.48,0.56,60.76,0.44,0.02,0.00,0.00,0.00,0.00,0.00,0.02,0.00,0.00,0.07,0.10
39.42,2365.20,69.67,51.44,20.04,20.75,1.25,2.44,2.40,-28.79,-24.16,-19.53,0.00,3.89,20.48,0.56,60.60,0.44,0.02,0.00,0.00,0.00,0.00,0.00,0.02,0.00,0.00,0.07,0.10
39.50,2370.00,69.47,51.33,20.04,20.74,1.25,2.44,2.40,-28.80,-24.17,-19.54,0.00,3.89,20.48,0.57,60.45,0.44,0.02,0.00,0.00,0.00,0.00,0.00,0.02,0.00,0.00,0.07,0.10
39.58,2374.80,69.27,51.22,20.04,20.74,1.25,2.44,2.40,-28.80,-24.18,-19.56,0.00,3.89,20.48,0.57,60.29,0.44,0.02,0.00,0.00,0.00,0.00,0.00,0.02,0.00,0.00,0.07,0.10
39.67,2380.20,69.08,51.11,20.04,20.74,1.25,2.44,2.40,-28.81,-24.19,-19.57,0.00,3.89,20.48,0.57,60.14,0.43,0.02,0.00,0.00,0.00,0.00,0.00,0.02,0.00,0.00,0.07,0.10
39.75,2385.00,68.88,51.01,20.04,20.73,1.25,2.44,2.40,-28.82,-24.20,-19.58,0.00,3.89,20.48,0.57,59.99,0.43,0.02,0.00,0.00,0.00,0.00,0.00,0.02,0.00,0.00,0.07,0.10
39.83,2389.80,68.69,50.90,20.03,20.73,1.26,2.44,2.40,-28.83,-24.21,-19.59,0.00,3.89,20.48,0.57,59.84,0.43,0.02,0.00,0.00,0.00,0.00,0.00,0.02,0.00,0.00,0.07,0.10
39.92,2395.20,68.49,50.79,20.03,20.73,1.26,2.44,2.40,-28.84,-24.22,-19.60,0.00,3.89,20.48,0.57,59.69,0.43,0.02,0.00,0.00,0.00,0.00,0.00,0.02,0.00,0.00,0.07,0.10
40.00,2400.00,68.30,50.69,20.03,20.72,1.26,2.44,2.40,-28.85,-24.23,-19.61,0.00,3.89,20.48,0.57,59.54,0.43,0.02,0.00,0.00,0.00,0.00,0.00,0.02,0.00,0.00,0.07,0.10
40.08,2404.80,68.11,50.58,20.03,20.72,1.26,2.44,2.40,-28.85,-24.24,-19.62,0.00,3.89,20.48,0.57,59.39,0.42,0.02,0.00,0.00,0.00,0.00,0.00,0.02,0.00,0.00,0.07,0.10
40.17,2410.20,67.92,50.48,20.03,20.72,1.26,2.44,2.40,-28.86,-24.25,-19.64,0.00,3.89,20.48,0.57,59.24,0.42,0.02,0.00,0.00,0.00,0.00,0.00,0.02,0.00,0.00,0.07,0.10
40.25,2415.00,67.73,50.38,20.03,20.71,1.27,2.44,2.40,-28.87,-24.26,-19.65,0.00,3.89,20.48,0.58,59.09,0.42,0.02,0.00,0.00,0.00,0.00,0.00,0.02,0.00,0.00,0.07,0.10
40.33,2419.80,67.54,50.27,20.03,20.71,1.27,2.44,2.40,-28.88,-24.27,-19.66,0.00,3.89,20.48,0.58,58.94,0.42,0.02,0.00,0.00,0.00,0.00,0.00,0.02,0.00,0.00,0.07,0.10
40.42,2425.20,67.35,50.17,20.03,20.71,1.27,2.44,2.40,-28.89,-24.28,-19.67,0.00,3.89,20.48,0.58,58.80,0.42,0.02,0.00,0.00,0.00,0.00,0.00,0.02,0.00,0.00,0.07,0.10
40.50,2430.00,67.16,50.07,20.03,20.71,1.27,2.44,2.40,-28.90,-24.29,-19.68,0.00,3.89,20.48,0.58,58.65,0.41,0.02,0.00,0.00,0.00,0.00,0.00,0.02,0.00,0.00,0.07,0.10
40.58,2434.80,66.97,49.97,20.03,20.70,1.27,2.44,2.40,-28.90,-24.30,-19.69,0.00,3.90,20.48,0.58,58.51,0.41,0.02,0.00,0.00,0.00,0.00,0.00,0.02,0.00,0.00,0.07,0.10
40.67,2440.20,66.79,49.86,20.03,20.70,1.27,2.44,2.40,-28.91,-24.31,-19.70,0.00,3.90,20.48,0.58,58.36,0.41,0.02,0.00,0.00,0.00,0.00,0.00,0.02,0.00,0.00,0.07,0.10
40.75,2445.00,66.60,49.76,20.03,20.70,1.28,2.44,2.40,-28.92,-24.32,-19.71,0.00,3.90,20.48,0.58,58.22,0.41,0.02,0.00,0.00,0.00,0.00,0.00,0.02,0.00,0.00,0.07,0.10
40.83,2449.80,66.42,49.66,20.03,20.69,1.28,2.44,2.40,-28.93,-24.33,-19.72,0.00,3.90,20.48,0.58,58.08,0.41,0.02,0.00,0.00,0.00,0.00,0.00,0.02,0.00,0.00,0.07,0.10
40.92,2455.20,66.24,49.56,20.03,20.69,1.28,2.44,2.40,-28.94,-24.33,-19.73,0.00,3.90,20.48,0.58,57.94,0.40,0.02,0.00,0.00,0.00,0.00,0.00,0.02,0.00,0.00,0.07,0.10
41.00,2460.00,66.05,49.47,20.03,20.69,1.28,2.44,2.40,-28.94,-24.34,-19.75,0.00,3.90,20.48,0.58,57.80,0.40,0.02,0.00,0.00,0.00,0.00,0.00,0.02,0.00,0.00,0.07,0.10
41.08,2464.80,65.87,49.37,20.03,20.68,1.28,2.44,2.40,-28.95,-24.35,-19.76,0.00,3.90,20.48,0.58,57.66,0.40,0.02,0.00,0.00,0.00,0.00,0.00,0.02,0.00,0.00,0.07,0.10
41.17,2470.20,65.69,49.27,20.03,20.68,1.29,2.44,2.40,-28.96,-24.36,-19.77,0.00,3.90,20.48,0.59,57.52,0.40,0.02,0.00,0.00,0.00,0.00,0.00,0.02,0.00,0.00,0.07,0.10
41.25,2475.00,65.51,49.17,20.03,20.68,1.29,2.44,2.40,-28.97,-24.37,-19.78,0.00,3.90,20.48,0.59,57.38,0.40,0.02,0.00,0.00,0.00,0.00,0.00,0.02,0.00,0.00,0.07,0.10
41.33,2479.80,65.33,49.07,20.03,20.67,1.29,2.44,2.40,-28.98,-24.38,-19.79,0.00,3.90,20.48,0.59,57.24,0.40,0.02,0.00,0.00,0.00,0.00,0.00,0.02,0.00,0.00,0.07,0.10
41.42,2485.20,65.15,48.98,20.03,20.67,1.29,2.44,2.40,-28.98,-24.39,-19.80,0.00,3.90,20.48,0.59,57.11,0.39,0.02,0.00,0.00,0.00,0.00,0.00,0.02,0.00,0.00,0.07,0.10
41.50,2490.00,64.98,48.88,20.03,20.67,1.29,2.44,2.40,-28.99,-24.40,-19.81,0.00,3.90,20.48,0.59,56.97,0.39,0.02,0.00,0.00,0.00,0.00,0.00,0.02,0.00,0.00,0.07,0.10
41.58,2494.80,64.80,48.79,20.03,20.67,1.30,2.44,2.40,-29.00,-24.41,-19.82,0.00,3.90,20.48,0.59,56.84,0.39,0.02,0.00,0.00,0.00,0.00,0.00,0.02,0.00,0.00,0.07,0.10
41.67,2500.20,64.62,48.69,20.03,20.66,1.30,2.44,2.40,-29.01,-24.42,-19.83,0.00,3.90,20.48,0.59,56.70,0.39,0.02,0.00,0.00,0.00,0.00,0.00,0.02,0.00,0.00,0.07,0.10
41.75,2505.00,64.45,48.60,20.03,20.66,1.30,2.44,2.40,-29.02,-24.43,-19.84,0.00,3.90,20.48,0.59,56.57,0.39,0.02,0.00,0.00,0.00,0.00,0.00,0.02,0.00,0.00,0.07,0.10
41.83,2509.80,64.28,48.50,20.03,20.66,1.30,2.44,2.40,-29.02,-24.44,-19.85,0.00,3.90,20.48,0.59,56.44,0.39,0.02,0.00,0.00,0.00,0.00,0.00,0.02,0.00,0.00,0.07,0.10
41.92,2515.20,64.10,48.41,20.03,20.65,1.30,2.44,2.40,-29.03,-24.45,-19.86,0.00,3.90,20.48,0.59,56.30,0.38,0.02,0.00,0.00,0.00,0.00,0.00,0.02,0.00,0.00,0.07,0.10
42.00,2520.00,63.93,48.31,20.03,20.65,1.31,2.44,2.40,-29.04,-24.46,-19.87,0.00,3.91,20.48,0.59,56.17,0.38,0.02,0.00,0.00,0.00,0.00,0.00,0.02,0.00,0.00,0.07,0.10
42.08,2524.80,63.76,48.22,20.03,20.65,1.31,2.44,2.40,-29.05,-24.46,-19.88,0.00,3.91,20.48,0.59,56.04,0.38,0.02,0.00,0.00,0.00,0.00,0.00,0.02,0.00,0.00,0.07,0.10
42.17,2530.20,63.59,48.13,20.03,20.64,1.31,2.44,2.40,-29.06,-24.47,-19.89,0.00,3.91,20.48,0.59,55.91,0.38,0.02,0.00,0.00,0.00,0.00,0.00,0.02,0.00,0.00,0.07,0.10
42.25,2535.00,63.42,48.04,20.03,20.64,1.31,2.44,2.40,-29.06,-24.48,-19.90,0.00,3.91,20.48,0.59,55.78,0.38,0.02,0.00,0.00,0.00,0.00,0.00,0.02,0.00,0.00,0.07,0.10
42.33,2539.80,63.25,47.95,20.03,20.64,1.31,2.44,2.40,-29.07,-24.49,-19.91,0.00,3.91,20.48,0.60,55.65,0.38,0.02,0.00,0.00,0.00,0.00,0.00,0.02,0.00,0.00,0.07,0.10
42.42,2545.20,63.08,47.85,20.03,20.64,1.32,2.44,2.40,-29.08,-24.50,-19.92,0.00,3.91,20.48,0.60,55.52,0.37,0.02,0.00,0.00,0.00,0.00,0.00,0.02,0.00,0.00,0.07,0.10
42.50,2550.00,62.91,47.76,20.03,20.63,1.32,2.44,2.40,-29.09,-24.51,-19.93,0.00,3.91,20.48,0.60,55.40,0.37,0.02,0.00,0.00,0.00,0.00,0.00,0.02,0.00,0.00,0.07,0.10
42.58,2554.80,62.75,47.67,20.03,20.63,1.32,2.44,2.40,-29.09,-24.52,-19.94,0.00,3.91,20.48,0.60,55.27,0.37,0.02,0.00,0.00,0.00,0.00,0.00,0.02,0.00,0.00,0.07,0.10
42.67,2560.20,62.58,47.58,20.03,20.63,1.32,2.44,2.40,-29.10,-24.53,-19.95,0.00,3.91,20.48,0.60,55.14,0.37,0.02,0.00,0.00,0.00,0.00,0.00,0.02,0.00,0.00,0.07,0.10
42.75,2565.00,62.41,47.49,20.03,20.62,1.32,2.44,2.40,-29.11,-24.54,-19.96,0.00,3.91,20.48,0.60,55.02,0.37,0.02,0.00,0.00,0.00,0.00,0.00,0.02,0.00,0.00,0.07,0.10
42.83,2569.80,62.25,47.41,20.03,20.62,1.33,2.44,2.40,-29.12,-24.54,-19.97,0.00,3.91,20.48,0.60,54.89,0.37,0.02,0.00,0.00,0.00,0.00,0.00,0.02,0.00,0.00,0.07,0.10
42.92,2575.20,62.09,47.32,20.03,20.62,1.33,2.44,2.40,-29.13,-24.55,-19.98,0.00,3.91,20.48,0.60,54.77,0.36,0.02,0.00,0.00,0.00,0.00,0.00,0.02,0.00,0.00,0.07,0.10
43.00,2580.00,61.92,47.23,20.03,20.62,1.33,2.44,2.40,-29.13,-24.56,-19.99,0.00,3.91,20.48,0.60,54.65,0.36,0.02,0.00,0.00,0.00,0.00,0.00,0.02,0.00,0.00,0.07,0.10
43.08,2584.80,61.76,47.14,20.03,20.61,1.33,2.44,2.40,-29.14,-24.57,-20.00,0.00,3.91,20.48,0.60,54.52,0.36,0.02,0.00,0.00,0.00,0.00,0.00,0.02,0.00,0.00,0.07,0.10
43.17,2590.20,61.60,47.05,20.03,20.61,1.33,2.44,2.40,-29.15,-24.58,-20.01,0.00,3.91,20.48,0.60,54.40,0.36,0.02,0.00,0.00,0.00,0.00,0.00,0.02,0.00,0.00,0.07,0.10
43.25,2595.00,61.44,46.97,20.03,20.61,1.34,2.44,2.40,-29.16,-24.59,-20.02,0.00,3.91,20.48,0.60,54.28,0.36,0.02,0.00,0.00,0.00,0.00,0.00,0.02,0.00,0.00,0.07,0.10
43.33,2599.80,61.28,46.88,20.03,20.61,1.34,2.44,2.40,-29.16,-24.60,-20.03,0.00,3.91,20.48,0.60,54.16,0.36,0.02,0.00,0.00,0.00,0.00,0.00,0.02,0.00,0.00,0.07,0.10
43.42,2605.20,61.12,46.79,20.03,20.60,1.34,2.44,2.40,-29.17,-24.61,-20.04,0.00,3.91,20.48,0.60,54.04,0.36,0.02,0.00,0.00,0.00,0.00,0.00,0.02,0.00,0.00,0.07,0.10
43.50,2610.00,60.96,46.71,20.03,20.60,1.34,2.44,2.40,-29.18,-24.61,-20.05,0.00,3.91,20.48,0.60,53.92,0.35,0.02,0.00,0.00,0.00,0.00,0.00,0.02,0.00,0.00,0.07,0.10
43.58,2614.80,60.80,46.62,20.03,20.60,1.34,2.44,2.40,-29.19,-24.62,-20.06,0.00,3.91,20.48,0.60,53.80,0.35,0.02,0.00,0.00,0.00,0.00,0.00,0.02,0.00,0.00,0.07,0.10
43.67,2620.20,60.64,46.54,20.03,20.59,1.35,2.44,2.40,-29.19,-24.63,-20.07,0.00,3.91,20.48,0.60,53.68,0.35,0.02,0.00,0.00,0.00,0.00,0.00,0.02,0.00,0.00,0.07,0.10
43.75,2625.00,60.49,46.45,20.03,20.59,1.35,2.44,2.40,-29.20,-24.64,-20.08,0.00,3.91,20.48,0.60,53.57,0.35,0.02,0.00,0.00,0.00,0.00,0.00,0.02,0.00,0.00,0.07,0.10
43.83,2629.80,60.33,46.37,20.03,20.59,1.35,2.44,2.40,-29.21,-24.65,-20.09,0.00,3.91,20.48,0.60,53.45,0.35,0.02,0.00,0.00,0.00,0.00,0.00,0.02,0.00,0.00,0.07,0.10
43.92,2635.20,60.18,46.29,20.03,20.59,1.35,2.44,2.40,-29.22,-24.66,-20.10,0.00,3.91,20.48,0.61,53.33,0.35,0.02,0.00,0.00,0.00,0.00,0.00,0.02,0.00,0.00,0.07,0.10
44.00,2640.00,60.02,46.20,20.03,20.58,1.35,2.44,2.40,-29.22,-24.67,-20.11,0.00,3.91,20.48,0.61,53.22,0.35,0.02,0.00,0.00,0.00,0.00,0.00,0.02,0.00,0.00,0.07,0.10
44.08,2644.80,59.87,46.12,20.03,20.58,1.36,2.44,2.40,-29.23,-24.67,-20.12,0.00,3.91,20.48,0.61,53.10,0.34,0.02,0.00,0.00,0.00,0.00,0.00,0.02,0.00,0.00,0.07,0.10
44.17,2650.20,59.72,46.04,20.03,20.58,1.36,2.44,2.40,-29.24,-24.68,-20.13,0.00,3.92,20.48,0.61,52.99,0.34,0.02,0.00,0.00,0.00,0.00,0.00,0.02,0.00,0.00,0.07,0.10
44.25,2655.00,59.57,45.96,20.03,20.58,1.36,2.44,2.40,-29.25,-24.69,-20.14,0.00,3.92,20.48,0.61,52.87,0.34,0.02,0.00,0.00,0.00,0.00,0.00,0.02,0.00,0.00,0.07,0.10
44.33,2659.80,59.41,45.87,20.03,20.57,1.36,2.44,2.40,-29.25,-24.70,-20.15,0.00,3.92,20.48,0.61,52.76,0.34,0.02,0.00,0.00,0.00,0.00,0.00,0.02,0.00,0.00,0.07,0.10
44.42,2665.20,59.26,45.79,20.03,20.57,1.36,2.44,2.40,-29.26,-24.71,-20.16,0.00,3.92,20.48,0.61,52.65,0.34,0.02,0.00,0.00,0.00,0.00,0.00,0.02,0.00,0.00,0.07,0.10
44.50,2670.00,59.11,45.71,20.03,20.57,1.37,2.44,2.40,-29.27,-24.72,-20.17,0.00,3.92,20.48,0.61,52.54,0.34,0.02,0.00,0.00,0.00,0.00,0.00,0.02,0.00,0.00,0.07,0.10
44.58,2674.80,58.96,45.63,20.03,20.57,1.37,2.44,2.40,-29.28,-24.73,-20.18,0.00,3.92,20.48,0.61,52.42,0.34,0.02,0.00,0.00,0.00,0.00,0.00,0.02,0.00,0.00,0.07,0.10
44.67,2680.20,58.82,45.55,20.03,20.56,1.37,2.44,2.40,-29.28,-24.73,-20.19,0.00,3.92,20.48,0.61,52.31,0.33,0.02,0.00,0.00,0.00,0.00,0.00,0.02,0.00,0.00,0.07,0.10
44.75,2685.00,58.67,45.47,20.03,20.56,1.37,2.44,2.40,-29.29,-24.74,-20.20,0.00,3.92,20.48,0.61,52.20,0.33,0.02,0.00,0.00,0.00,0.00,0.00,0.02,0.00,0.00,0.07,0.10
44.83,2689.80,58.52,45.39,20.03,20.56,1.37,2.44,2.40,-29.30,-24.75,-20.20,0.00,3.92,20.48,0.61,52.09,0.33,0.02,0.00,0.00,0.00,0.00,0.00,0.02,0.00,0.00,0.07,0.10
44.92,2695.20,58.37,45.31,20.03,20.56,1.37,2.44,2.40,-29.30,-24.76,-20.21,0.00,3.92,20.48,0.61,51.98,0.33,0.02,0.00,0.00,0.00,0.00,0.00,0.02,0.00,0.00,0.07,0.10
45.00,2700.00,58.23,45.23,20.03,20.55,1.38,2.44,2.40,-29.31,-24.77,-20.22,0.00,3.92,20.48,0.61,51.88,0.33,0.02,0.00,0.00,0.00,0.00,0.00,0.02,0.00,0.00,0.07,0.10
45.08,2704.80,58.08,45.15,20.03,20.55,1.38,2.44,2.40,-29.32,-24.77,-20.23,0.00,3.92,20.48,0.61,51.77,0.33,0.02,0.00,0.00,0.00,0.00,0.00,0.02,0.00,0.00,0.08,0.10
45.17,2710.20,57.94,45.08,20.03,20.55,1.38,2.44,2.40,-29.33,-24.78,-20.24,0.00,3.92,20.48,0.61,51.66,0.33,0.02,0.00,0.00,0.00,0.00,0.00,0.02,0.00,0.00,0.08,0.10
