Time,ULT,LLT,ULO2percent,LLCO2percent,ULO2,LLCO2,ULTS,LLTS
s,C,C,mol ,mol ,mol frac,mol frac,kg,kg
0,20,20,20.4802,0,0.204802,0,0.00,0.00
4.8,20,20,20.4802,0,0.204802,0,0.00,0.00
10.2,20,20,20.4802,0,0.204802,0,0.00,0.00
15,20,20,20.4802,0,0.204802,0,0.00,0.00
19.8,20,20,20.4802,0,0.204802,0,0.00,0.00
25.2,20,20,20.4802,0,0.204802,0,0.00,0.00
30,20,20,20.4802,0,0.204802,0,0.00,0.00
34.8,21.8684,20.0104,20.4591,0,0.204591,0,0.00,0.00
40.2,23.3474,20.0335,20.4427,4.40E-06,0.204427,0.000000044,0.00,0.00
45,24.9857,20.0694,20.4244,1.55E-05,0.204244,0.000000155,0.00,0.00
49.8,26.8031,20.1187,20.4028,3.22E-05,0.204028,0.000000322,0.00,0.00
55.2,28.8008,20.1826,20.3788,5.50E-05,0.203788,0.00000055,0.00,0.00
60,30.9805,20.2616,20.3521,8.40E-05,0.203521,0.00000084,0.00,0.00
64.8,33.3352,20.3566,20.3223,0.000118585,0.203223,1.19E-06,0.00,0.00
70.2,36.3516,20.4792,20.2839,0.000137776,0.202839,1.38E-06,0.00,0.00
75,40.4225,20.6436,20.2325,0.000137687,0.202325,1.38E-06,0.00,0.00
79.8,45.4411,20.8604,20.1687,0.000137687,0.201687,1.38E-06,0.00,0.00
85.2,51.1949,21.133,20.0942,0.000137687,0.200942,1.38E-06,0.00,0.00
90,57.5726,21.4643,20.0099,0.000137687,0.200099,1.38E-06,0.00,0.00
94.8,64.561,21.8687,19.915,0.000137687,0.19915,1.38E-06,0.00,0.00
100.2,72.162,22.3623,19.8092,0.000137687,0.198092,1.38E-06,0.00,0.00
105,80.7081,22.9802,19.6881,0.000137687,0.196881,1.38E-06,0.00,0.00
109.8,90.3871,23.7471,19.5487,0.000137687,0.195487,1.38E-06,0.00,0.00
115.2,101.134,24.6406,19.3898,0.000137687,0.193898,1.38E-06,0.00,0.00
120,112.956,25.6516,19.209,0.000137687,0.19209,1.38E-06,0.00,0.00
124.8,125.949,26.8295,19.0023,0.000137687,0.190023,1.38E-06,0.00,0.00
130.2,140.375,28.276,18.7602,0.000137687,0.187602,1.38E-06,0.00,0.00
135,156.682,29.8928,18.4688,0.000137687,0.184688,1.38E-06,0.00,0.00
139.8,173.897,31.7283,18.1377,0.000137687,0.181377,1.38E-06,0.00,0.00
145.2,191.934,33.8179,17.7625,0.000137687,0.177625,1.38E-06,0.00,0.00
150,210.27,36.1848,17.3405,0.000137687,0.173405,1.38E-06,0.00,0.00
154.8,228.339,38.8624,16.8699,0.000137687,0.168699,1.38E-06,0.00,0.00
160.2,245.49,41.8938,16.349,0.000137687,0.16349,1.38E-06,0.00,0.00
165,261.4,45.3032,15.7767,0.000137687,0.157767,1.38E-06,0.00,0.00
169.8,275.813,49.0987,15.1529,0.000137687,0.151529,1.38E-06,0.00,0.00
175.2,289.166,53.3088,14.4713,0.000137687,0.144713,1.38E-06,0.00,0.00
180,301.762,57.936,13.7257,0.000137687,0.137257,1.38E-06,0.00,0.00
184.8,313.442,62.9642,12.9149,0.000137687,0.129149,1.38E-06,0.00,0.00
190.2,324.292,68.3659,12.0386,0.000137687,0.120386,1.38E-06,0.00,0.00
195,334.321,74.1145,11.096,0.000137687,0.11096,1.38E-06,0.00,0.00
199.8,290.048,68.6458,10.8814,0.00287778,0.108814,2.88E-05,0.00,0.00
205.2,254.231,64.4247,10.8278,0.00715601,0.108278,7.16E-05,0.00,0.00
210,230.929,62.422,10.7456,0.0111941,0.107456,0.000111941,0.00,0.00
214.8,229.107,64.0625,10.4722,0.0125971,0.104722,0.000125971,0.00,0.00
220.2,229.281,65.5282,10.1707,0.012365,0.101707,0.00012365,0.01,0.00
225,229.603,66.8643,9.86544,0.0121314,0.0986544,0.000121314,0.01,0.00
229.8,229.905,68.0944,9.55811,0.0119015,0.0955811,0.000119015,0.01,0.00
235.2,230.204,69.2368,9.24929,0.011676,0.0924929,0.00011676,0.01,0.00
240,230.451,70.2956,8.94084,0.0114535,0.0894084,0.000114535,0.01,0.00
244.8,230.568,71.2628,8.63824,0.0112308,0.0863824,0.000112308,0.01,0.00
250.2,230.631,72.156,8.34179,0.0110098,0.0834179,0.000110098,0.01,0.00
255,230.66,72.9848,8.05143,0.0107912,0.0805143,0.000107912,0.01,0.00
259.8,230.669,73.7574,7.76708,0.0105752,0.0776708,0.000105752,0.01,0.00
265.2,230.668,74.4807,7.48862,0.0103624,0.0748862,0.000103624,0.01,0.00
270,230.666,75.1611,7.21582,0.0101527,0.0721582,0.000101527,0.01,0.00
274.8,230.67,75.8037,6.94863,0.00994643,0.0694863,9.95E-05,0.01,0.00
280.2,230.684,76.4135,6.6869,0.00974376,0.066869,9.74E-05,0.01,0.00
285,230.711,76.9946,6.43048,0.00954472,0.0643048,9.54E-05,0.01,0.00
289.8,230.754,77.5505,6.17923,0.00934937,0.0617923,9.35E-05,0.01,0.00
295.2,230.814,78.0845,5.93294,0.00915765,0.0593294,9.16E-05,0.01,0.00
300,230.893,78.5993,5.69153,0.00896964,0.0569153,8.97E-05,0.01,0.00
304.8,230.99,79.0973,5.45488,0.00878534,0.0545488,8.79E-05,0.01,0.00
310.2,231.106,79.581,5.22277,0.00860463,0.0522277,8.60E-05,0.01,0.00
315,231.24,80.0524,4.99496,0.00842733,0.0499496,8.43E-05,0.01,0.00
319.8,231.391,80.5129,4.77141,0.00825347,0.0477141,8.25E-05,0.01,0.00
325.2,231.559,80.9637,4.55202,0.00808305,0.0455202,8.08E-05,0.01,0.00
330,231.743,81.4064,4.33656,0.00791588,0.0433656,7.92E-05,0.01,0.00
334.8,231.942,81.842,4.12504,0.00775202,0.0412504,7.75E-05,0.01,0.00
340.2,232.156,82.2714,3.91734,0.00759141,0.0391734,7.59E-05,0.01,0.00
345,232.383,82.6953,3.71337,0.007434,0.0371337,0.00007434,0.02,0.00
349.8,232.623,83.1146,3.51303,0.00727973,0.0351303,7.28E-05,0.02,0.00
355.2,232.875,83.5297,3.31623,0.00712853,0.0331623,7.13E-05,0.02,0.00
360,233.138,83.9413,3.12287,0.00698033,0.0312287,6.98E-05,0.02,0.00
364.8,233.411,84.3497,2.93288,0.0068351,0.0293288,0.000068351,0.02,0.00
370.2,233.694,84.7554,2.74617,0.00669275,0.0274617,6.69E-05,0.02,0.00
375,233.985,85.1587,2.56267,0.00655324,0.0256267,6.55E-05,0.02,0.00
379.8,234.285,85.5598,2.3823,0.00641651,0.023823,6.42E-05,0.02,0.00
385.2,234.592,85.9591,2.20499,0.0062825,0.0220499,0.000062825,0.02,0.00
390,234.907,86.3567,2.03067,0.00615116,0.0203067,6.15E-05,0.02,0.00
394.8,235.228,86.7527,1.85927,0.00602243,0.0185927,6.02E-05,0.02,0.00
400.2,235.552,87.1474,1.69083,0.00589637,0.0169083,5.90E-05,0.02,0.00
405,235.883,87.5413,1.52523,0.00577288,0.0152523,5.77E-05,0.02,0.00
409.8,236.219,87.934,1.36228,0.00565176,0.0136228,5.65E-05,0.02,0.00
415.2,236.559,88.3255,1.20206,0.0055331,0.0120206,0.000055331,0.02,0.00
420,236.904,88.7159,1.04448,0.00541683,0.0104448,5.42E-05,0.02,0.00
424.8,237.253,89.1052,0.889465,0.00530287,0.00889465,5.30E-05,0.02,0.00
430.2,237.606,89.4936,0.736962,0.00519117,0.00736962,5.19E-05,0.02,0.00
435,237.962,89.881,0.58692,0.0050817,0.0058692,0.000050817,0.02,0.00
439.8,238.32,90.2674,0.439289,0.0049744,0.00439289,0.000049744,0.02,0.00
445.2,238.681,90.653,0.294001,0.00486921,0.00294001,4.87E-05,0.02,0.00
450,239.045,91.0376,0.150988,0.00476607,0.00150988,4.77E-05,0.02,0.00
454.8,239.41,91.4214,0.0102752,0.00466502,0.000102752,4.67E-05,0.02,0.00
460.2,239.78,91.8042,0,0.00456611,0,4.57E-05,0.02,0.00
465,240.153,92.1856,0,0.00446925,0,4.47E-05,0.02,0.00
469.8,240.529,92.5656,0,0.00437433,0,4.37E-05,0.02,0.00
475.2,240.907,92.9443,0,0.00428133,0,4.28E-05,0.02,0.00
480,241.288,93.3217,0,0.0041902,0,0.000041902,0.02,0.00
484.8,241.67,93.6979,0,0.0041009,0,0.000041009,0.02,0.00
490.2,242.053,94.073,0,0.0040134,0,0.000040134,0.02,0.00
495,242.438,94.4469,0,0.00392767,0,3.93E-05,0.02,0.00
499.8,242.824,94.8198,0,0.00384367,0,3.84E-05,0.02,0.00
505.2,243.21,95.1916,0,0.00376137,0,3.76E-05,0.02,0.00
510,243.597,95.5624,0,0.00368073,0,3.68E-05,0.02,0.00
514.8,243.984,95.9322,0,0.00360173,0,3.60E-05,0.02,0.00
520.2,244.371,96.3009,0,0.00352433,0,3.52E-05,0.02,0.00
525,244.759,96.6687,0,0.0034485,0,0.000034485,0.02,0.00
529.8,245.146,97.0355,0,0.00337421,0,3.37E-05,0.02,0.00
535.2,245.532,97.4013,0,0.00330143,0,3.30E-05,0.03,0.00
540,245.919,97.7661,0,0.00323014,0,3.23E-05,0.03,0.00
544.8,246.305,98.1298,0,0.0031603,0,0.000031603,0.03,0.00
550.2,246.69,98.4926,0,0.00309189,0,3.09E-05,0.03,0.00
555,247.075,98.8544,0,0.00302487,0,3.02E-05,0.03,0.00
559.8,247.459,99.2151,0,0.00295923,0,2.96E-05,0.03,0.00
565.2,247.842,99.5748,0,0.00289494,0,2.89E-05,0.03,0.00
570,248.225,99.9335,0,0.00283197,0,2.83E-05,0.03,0.00
574.8,248.606,100.291,0,0.0027703,0,0.000027703,0.03,0.00
580.2,248.986,100.648,0,0.00270989,0,2.71E-05,0.03,0.00
585,249.366,101.003,0,0.00265073,0,2.65E-05,0.03,0.00
589.8,249.744,101.358,0,0.0025928,0,0.000025928,0.03,0.00
595.2,250.121,101.711,0,0.00253606,0,2.54E-05,0.03,0.00
600,250.497,102.063,0,0.0024805,0,0.000024805,0.03,0.00
604.8,250.872,102.414,0,0.0024261,0,0.000024261,0.03,0.00
610.2,251.245,102.764,0,0.00237282,0,2.37E-05,0.03,0.00
615,251.617,103.113,0,0.00232066,0,2.32E-05,0.03,0.00
619.8,251.988,103.461,0,0.00226958,0,2.27E-05,0.03,0.00
625.2,252.358,103.808,0,0.00221957,0,2.22E-05,0.03,0.00
630,252.726,104.153,0,0.0021706,0,0.000021706,0.03,0.00
634.8,253.092,104.498,0,0.00212266,0,2.12E-05,0.03,0.00
640.2,253.457,104.841,0,0.00207573,0,2.08E-05,0.03,0.00
645,253.821,105.183,0,0.00202979,0,2.03E-05,0.03,0.00
649.8,254.184,105.524,0,0.00198481,0,1.98E-05,0.03,0.00
655.2,254.544,105.864,0,0.00194078,0,1.94E-05,0.03,0.00
660,254.904,106.202,0,0.00189767,0,1.90E-05,0.03,0.00
664.8,255.261,106.54,0,0.00185548,0,1.86E-05,0.03,0.00
670.2,255.618,106.876,0,0.00181419,0,1.81E-05,0.03,0.00
675,255.972,107.211,0,0.00177377,0,1.77E-05,0.03,0.00
679.8,256.325,107.545,0,0.0017342,0,0.000017342,0.03,0.00
685.2,256.677,107.877,0,0.00169548,0,1.70E-05,0.03,0.00
690,257.027,108.209,0,0.00165759,0,1.66E-05,0.03,0.00
694.8,257.375,108.539,0,0.0016205,0,0.000016205,0.03,0.00
700.2,257.722,108.868,0,0.0015842,0,0.000015842,0.03,0.00
705,258.067,109.196,0,0.00154868,0,1.55E-05,0.03,0.00
709.8,258.41,109.523,0,0.00151392,0,1.51E-05,0.03,0.00
715.2,258.752,109.848,0,0.00147991,0,1.48E-05,0.03,0.00
720,259.092,110.172,0,0.00144663,0,1.45E-05,0.03,0.00
724.8,259.431,110.495,0,0.00141406,0,1.41E-05,0.03,0.00
730.2,259.768,110.817,0,0.0013822,0,0.000013822,0.03,0.00
735,260.103,111.138,0,0.00135102,0,1.35E-05,0.03,0.00
739.8,260.437,111.457,0,0.00132052,0,1.32E-05,0.03,0.00
745.2,260.769,111.776,0,0.00129067,0,1.29E-05,0.03,0.00
750,261.099,112.093,0,0.00126148,0,1.26E-05,0.03,0.00
754.8,261.427,112.408,0,0.00123291,0,1.23E-05,0.03,0.00
760.2,261.754,112.723,0,0.00120497,0,1.20E-05,0.03,0.00
765,262.079,113.036,0,0.00117764,0,1.18E-05,0.03,0.00
769.8,262.403,113.348,0,0.0011509,0,0.000011509,0.03,0.00
775.2,262.725,113.659,0,0.00112474,0,1.12E-05,0.03,0.00
780,263.045,113.969,0,0.00109916,0,1.10E-05,0.03,0.00
784.8,263.363,114.278,0,0.00107414,0,1.07E-05,0.03,0.00
790.2,263.68,114.585,0,0.00104966,0,1.05E-05,0.03,0.00
795,263.995,114.891,0,0.00102572,0,1.03E-05,0.03,0.00
799.8,264.309,115.196,0,0.00100231,0,1.00E-05,0.03,0.00
805.2,264.62,115.5,0,0.000979407,0,9.79E-06,0.03,0.00
810,264.931,115.802,0,0.000957013,0,9.57E-06,0.03,0.00
814.8,265.24,116.104,0,0.000935113,0,9.35E-06,0.03,0.00
820.2,265.547,116.404,0,0.000913696,0,9.14E-06,0.03,0.00
825,265.852,116.702,0,0.000892753,0,8.93E-06,0.03,0.00
829.8,266.156,117,0,0.000872272,0,8.72E-06,0.03,0.00
835.2,266.458,117.297,0,0.000852246,0,8.52E-06,0.03,0.00
840,266.758,117.592,0,0.000832664,0,8.33E-06,0.03,0.00
844.8,267.056,117.886,0,0.000813517,0,8.14E-06,0.03,0.00
850.2,267.353,118.179,0,0.000794795,0,7.95E-06,0.03,0.00
855,267.648,118.471,0,0.000776491,0,7.76E-06,0.03,0.00
859.8,267.942,118.761,0,0.000758594,0,7.59E-06,0.03,0.00
865.2,268.233,119.051,0,0.000741097,0,7.41E-06,0.03,0.00
870,268.523,119.339,0,0.000723991,0,7.24E-06,0.03,0.00
874.8,268.812,119.626,0,0.000707268,0,7.07E-06,0.03,0.00
880.2,269.099,119.912,0,0.000690919,0,6.91E-06,0.03,0.00
885,269.384,120.197,0,0.000674938,0,6.75E-06,0.03,0.00
889.8,269.667,120.48,0,0.000659314,0,6.59E-06,0.03,0.00
895.2,269.949,120.763,0,0.000644042,0,6.44E-06,0.03,0.00
900,270.229,121.044,0,0.000629114,0,6.29E-06,0.03,0.00
904.8,270.508,121.324,0,0.000614522,0,6.15E-06,0.03,0.00
910.2,270.785,121.603,0,0.000600259,0,6.00E-06,0.03,0.00
915,271.06,121.881,0,0.000586319,0,5.86E-06,0.03,0.00
919.8,271.334,122.158,0,0.000572693,0,5.73E-06,0.03,0.00
925.2,271.606,122.433,0,0.000559376,0,5.59E-06,0.03,0.00
930,271.876,122.707,0,0.00054636,0,5.46E-06,0.03,0.00
934.8,272.145,122.981,0,0.00053364,0,5.34E-06,0.03,0.00
940.2,272.408,123.251,0,0.000521203,0,5.21E-06,0.03,0.00
945,272.609,123.498,0,0.000508947,0,5.09E-06,0.03,0.00
949.8,272.769,123.724,0,0.000496889,0,4.97E-06,0.03,0.00
955.2,272.896,123.933,0,0.000485036,0,4.85E-06,0.03,0.00
960,272.993,124.126,0,0.000473393,0,4.73E-06,0.03,0.00
964.8,273.061,124.305,0,0.000461963,0,4.62E-06,0.03,0.00
970.2,273.103,124.47,0,0.000450748,0,4.51E-06,0.03,0.00
975,273.12,124.623,0,0.000439749,0,4.40E-06,0.03,0.00
979.8,273.114,124.764,0,0.000428966,0,4.29E-06,0.03,0.00
985.2,273.085,124.893,0,0.000418399,0,4.18E-06,0.03,0.00
990,273.033,125.012,0,0.000408047,0,4.08E-06,0.03,0.00
994.8,272.959,125.121,0,0.000397909,0,3.98E-06,0.03,0.00
1000.2,272.864,125.219,0,0.000387984,0,3.88E-06,0.03,0.00
1005,272.746,125.308,0,0.000378269,0,3.78E-06,0.03,0.00
1009.8,272.607,125.386,0,0.000368763,0,3.69E-06,0.03,0.00
1015.2,272.446,125.456,0,0.000359465,0,3.59E-06,0.03,0.00
1020,272.262,125.516,0,0.000350371,0,3.50E-06,0.03,0.00
1024.8,272.055,125.566,0,0.00034148,0,3.41E-06,0.03,0.00
1030.2,271.825,125.607,0,0.00033279,0,3.33E-06,0.03,0.00
1035,271.571,125.639,0,0.000324298,0,3.24E-06,0.03,0.00
1039.8,271.292,125.662,0,0.000316002,0,3.16E-06,0.03,0.00
1045.2,270.988,125.675,0,0.000307899,0,3.08E-06,0.03,0.00
1050,270.657,125.679,0,0.000299988,0,3.00E-06,0.03,0.00
1054.8,270.299,125.673,0,0.000292265,0,2.92E-06,0.03,0.00
1060.2,269.913,125.659,0,0.000284729,0,2.85E-06,0.03,0.00
1065,269.496,125.634,0,0.000277376,0,2.77E-06,0.03,0.00
1069.8,269.043,125.601,0,0.000270207,0,2.70E-06,0.03,0.00
1075.2,268.546,125.559,0,0.00026322,0,2.63E-06,0.03,0.00
1080,268.005,125.506,0,0.000256412,0,2.56E-06,0.03,0.00
1084.8,267.42,125.443,0,0.00024978,0,2.50E-06,0.03,0.00
1090.2,266.794,125.368,0,0.000243319,0,2.43E-06,0.03,0.00
1095,266.128,125.281,0,0.000237026,0,2.37E-06,0.03,0.00
1099.8,265.422,125.181,0,0.000230897,0,2.31E-06,0.03,0.00
1105.2,264.676,125.069,0,0.000224929,0,2.25E-06,0.03,0.00
1110,263.889,124.942,0,0.000219118,0,2.19E-06,0.03,0.00
1114.8,263.062,124.801,0,0.00021346,0,2.13E-06,0.03,0.00
1120.2,262.192,124.646,0,0.000207951,0,2.08E-06,0.03,0.00
1125,261.279,124.476,0,0.000202589,0,2.03E-06,0.03,0.00
1129.8,260.319,124.291,0,0.000197368,0,1.97E-06,0.03,0.00
1135.2,259.311,124.089,0,0.000192286,0,1.92E-06,0.03,0.00
1140,258.25,123.87,0,0.000187339,0,1.87E-06,0.03,0.00
1144.8,257.132,123.633,0,0.000182522,0,1.83E-06,0.03,0.00
1150.2,255.962,123.377,0,0.000177829,0,1.78E-06,0.03,0.00
1155,254.74,123.1,0,0.000173256,0,1.73E-06,0.03,0.00
1159.8,253.466,122.801,0,0.000168799,0,1.69E-06,0.03,0.00
1165.2,252.134,122.479,0,0.000164453,0,1.64E-06,0.03,0.00
1170,250.74,122.133,0,0.000160213,0,1.60E-06,0.03,0.00
1174.8,249.277,121.761,0,0.000156077,0,1.56E-06,0.03,0.00
1180.2,247.738,121.363,0.000343718,0.000152038,3.44E-06,1.52E-06,0.03,0.00
1185,246.113,120.934,0.00559132,0.000148093,5.59E-05,1.48E-06,0.03,0.00
1189.8,244.391,120.473,0.0173879,0.000144236,0.000173879,1.44E-06,0.03,0.00
1195.2,242.555,119.976,0.0361588,0.000140462,0.000361588,1.40E-06,0.03,0.00
1200,240.587,119.438,0.062403,0.000136765,0.00062403,1.37E-06,0.03,0.00
1204.8,237.527,118.651,0.107802,0.000132932,0.00107802,1.33E-06,0.03,0.00
1210.2,232.851,117.462,0.18352,0.000128788,0.0018352,1.29E-06,0.03,0.00
1215,227.245,116.005,0.283003,0.000124508,0.00283003,1.25E-06,0.03,0.00
1219.8,221.029,114.361,0.400826,0.000120191,0.00400826,1.20E-06,0.03,0.00
1225.2,214.346,112.57,0.531078,0.000115892,0.00531078,1.16E-06,0.03,0.00
1230,207.268,110.662,0.667531,0.00011164,0.00667531,1.12E-06,0.03,0.00
1234.8,199.83,108.657,0.801348,0.000107457,0.00801348,1.07E-06,0.03,0.00
1240.2,192.125,106.592,0.915297,0.000103373,0.00915297,1.03E-06,0.03,0.00
1245,185.787,104.965,1.00267,9.98E-05,0.0100267,0.000000998,0.03,0.00
1249.8,180.946,103.778,1.07598,9.69E-05,0.0107598,0.000000969,0.03,0.00
1255.2,177.08,102.851,1.13961,9.43E-05,0.0113961,0.000000943,0.03,0.00
1260,173.882,102.09,1.19671,9.20E-05,0.0119671,0.00000092,0.03,0.00
1264.8,171.153,101.437,1.2492,8.99E-05,0.012492,0.000000899,0.03,0.00
1270.2,168.768,100.861,1.29838,8.80E-05,0.0129838,0.00000088,0.03,0.00
1275,166.639,100.338,1.34511,8.62E-05,0.0134511,0.000000862,0.03,0.00
1279.8,164.707,99.8563,1.38997,8.45E-05,0.0138997,0.000000845,0.03,0.00
1285.2,162.931,99.4062,1.43339,0.000082937,0.0143339,8.29E-07,0.03,0.00
1290,161.28,98.9814,1.47565,0.000081422,0.0147565,8.14E-07,0.03,0.00
1294.8,159.734,98.5775,1.51699,8.00E-05,0.0151699,0.0000008,0.03,0.00
1300.2,158.275,98.1913,1.55755,7.86E-05,0.0155755,0.000000786,0.03,0.00
1305,156.89,97.826,1.59743,7.73E-05,0.0159743,0.000000773,0.03,0.00
1309.8,155.57,97.4969,1.6366,0.000076024,0.016366,7.60E-07,0.03,0.00
1315.2,154.306,97.1754,1.67532,0.000074813,0.0167532,7.48E-07,0.03,0.00
1320,153.09,96.8608,1.71366,7.36E-05,0.0171366,0.000000736,0.03,0.00
1324.8,151.917,96.5529,1.75166,7.25E-05,0.0175166,0.000000725,0.03,0.00
1330.2,150.784,96.2511,1.78935,7.14E-05,0.0178935,0.000000714,0.03,0.00
1335,149.687,95.9551,1.82677,7.04E-05,0.0182677,0.000000704,0.03,0.00
1339.8,148.622,95.6645,1.86396,6.94E-05,0.0186396,0.000000694,0.03,0.00
1345.2,147.588,95.3792,1.90093,6.84E-05,0.0190093,0.000000684,0.03,0.00
1350,146.584,95.1003,1.93755,6.75E-05,0.0193755,0.000000675,0.03,0.00
1354.8,145.613,94.8286,1.97365,0.000066571,0.0197365,6.66E-07,0.03,0.00
1360.2,144.671,94.5612,2.00926,6.57E-05,0.0200926,0.000000657,0.03,0.00
1365,143.756,94.2963,2.04443,6.48E-05,0.0204443,0.000000648,0.03,0.00
1369.8,142.864,94.0324,2.07919,6.40E-05,0.0207919,0.00000064,0.03,0.00
1375.2,141.993,93.7683,2.11359,6.32E-05,0.0211359,0.000000632,0.03,0.00
1380,141.142,93.5032,2.14765,6.24E-05,0.0214765,0.000000624,0.03,0.00
1384.8,140.31,93.2366,2.18138,6.16E-05,0.0218138,0.000000616,0.03,0.00
1390.2,139.495,92.9679,2.21482,0.000060895,0.0221482,6.09E-07,0.02,0.00
1395,138.696,92.6971,2.24796,6.02E-05,0.0224796,0.000000602,0.02,0.00
1399.8,137.912,92.4235,2.28084,5.95E-05,0.0228084,0.000000595,0.02,0.00
1405.2,137.151,92.1395,2.31312,7.14E-05,0.0231312,0.000000714,0.02,0.00
1410,136.413,91.8426,2.34466,0.000123204,0.0234466,1.23E-06,0.02,0.00
1414.8,135.695,91.5344,2.37548,0.000231523,0.0237548,2.32E-06,0.02,0.00
1420.2,134.994,91.2164,2.40563,0.000409108,0.0240563,4.09E-06,0.02,0.00
1425,134.31,90.8899,2.43512,0.000665556,0.0243512,6.66E-06,0.02,0.00
1429.8,133.64,90.5561,2.46397,0.00100854,0.0246397,1.01E-05,0.02,0.00
1435.2,132.983,90.2161,2.49221,0.00144429,0.0249221,1.44E-05,0.02,0.00
1440,132.339,89.8709,2.51986,0.00197786,0.0251986,1.98E-05,0.02,0.00
1444.8,131.705,89.5214,2.54693,0.00261334,0.0254693,2.61E-05,0.02,0.00
1450.2,131.083,89.1685,2.57343,0.00335401,0.0257343,3.35E-05,0.02,0.00
1455,130.47,88.8128,2.59939,0.00420247,0.0259939,4.20E-05,0.02,0.00
1459.8,129.866,88.455,2.6248,0.00516138,0.026248,5.16E-05,0.02,0.00
1465.2,129.272,88.0957,2.64969,0.00623315,0.0264969,6.23E-05,0.02,0.00
1470,128.686,87.7355,2.67407,0.00741597,0.0267407,7.42E-05,0.02,0.00
1474.8,128.108,87.3749,2.69795,0.00871198,0.0269795,8.71E-05,0.02,0.00
1480.2,127.538,87.0144,2.72135,0.0101182,0.0272135,0.000101182,0.02,0.00
1485,126.974,86.6543,2.74428,0.0116366,0.0274428,0.000116366,0.02,0.00
1489.8,126.419,86.2951,2.76671,0.0132754,0.0276671,0.000132754,0.02,0.00
1495.2,125.87,85.9371,2.78871,0.0150197,0.0278871,0.000150197,0.02,0.00
1500,125.327,85.5804,2.81027,0.0168732,0.0281027,0.000168732,0.02,0.00
1504.8,124.79,85.2253,2.83139,0.0188376,0.0283139,0.000188376,0.02,0.00
1510.2,124.259,84.872,2.85209,0.0209082,0.0285209,0.000209082,0.02,0.00
1515,123.733,84.5208,2.87238,0.0230855,0.0287238,0.000230855,0.02,0.00
1519.8,123.213,84.1716,2.89227,0.025366,0.0289227,0.00025366,0.02,0.00
1525.2,122.698,83.8248,2.91176,0.0277509,0.0291176,0.000277509,0.02,0.00
1530,122.188,83.4805,2.93087,0.0302355,0.0293087,0.000302355,0.02,0.00
1534.8,121.683,83.1386,2.9496,0.0328189,0.029496,0.000328189,0.02,0.00
1540.2,121.182,82.7995,2.96795,0.0354998,0.0296795,0.000354998,0.02,0.00
1545,120.686,82.4628,2.98595,0.038274,0.0298595,0.00038274,0.02,0.00
1549.8,120.195,82.129,3.00359,0.0411402,0.0300359,0.000411402,0.02,0.00
1555.2,119.707,81.7979,3.02088,0.0440959,0.0302088,0.000440959,0.02,0.00
1560,119.225,81.4698,3.03784,0.0471388,0.0303784,0.000471388,0.02,0.00
1564.8,118.746,81.1445,3.05446,0.0502663,0.0305446,0.000502663,0.02,0.00
1570.2,118.271,80.8221,3.07076,0.0534759,0.0307076,0.000534759,0.02,0.00
1575,117.8,80.5027,3.08675,0.0567651,0.0308675,0.000567651,0.02,0.00
1579.8,117.333,80.1862,3.10242,0.0601311,0.0310242,0.000601311,0.02,0.00
1585.2,116.87,79.8726,3.11779,0.0635716,0.0311779,0.000635716,0.02,0.00
1590,116.41,79.5619,3.13286,0.0670837,0.0313286,0.000670837,0.02,0.00
1594.8,115.954,79.2541,3.14764,0.0706649,0.0314764,0.000706649,0.02,0.00
1600.2,115.501,78.9492,3.16214,0.0743127,0.0316214,0.000743127,0.02,0.00
1605,115.051,78.6471,3.17635,0.0780243,0.0317635,0.000780243,0.02,0.00
1609.8,114.605,78.3479,3.1903,0.0817972,0.031903,0.000817972,0.02,0.00
1615.2,114.162,78.0515,3.20398,0.0856289,0.0320398,0.000856289,0.02,0.00
1620,113.723,77.7623,3.21738,0.0895165,0.0321738,0.000895165,0.02,0.00
1624.8,113.286,77.4979,3.23046,0.0934506,0.0323046,0.000934506,0.02,0.00
1630.2,112.853,77.2341,3.2433,0.0974342,0.032433,0.000974342,0.02,0.00
1635,112.422,76.971,3.25591,0.101465,0.0325591,0.00101465,0.02,0.00
1639.8,111.994,76.709,3.26828,0.105541,0.0326828,0.00105541,0.02,0.00
1645.2,111.569,76.448,3.28043,0.109662,0.0328043,0.00109662,0.02,0.00
1650,111.147,76.1883,3.29235,0.113824,0.0329235,0.00113824,0.02,0.00
1654.8,110.728,75.9298,3.30404,0.118026,0.0330404,0.00118026,0.02,0.00
1660.2,110.311,75.6726,3.31552,0.122263,0.0331552,0.00122263,0.02,0.00
1665,109.898,75.4168,3.32679,0.126536,0.0332679,0.00126536,0.02,0.00
1669.8,109.487,75.1625,3.33785,0.13084,0.0333785,0.0013084,0.02,0.00
1675.2,109.079,74.9097,3.3487,0.135175,0.033487,0.00135175,0.02,0.00
1680,108.674,74.6582,3.35935,0.139536,0.0335935,0.00139536,0.02,0.00
1684.8,108.271,74.4084,3.3698,0.143924,0.033698,0.00143924,0.02,0.00
1690.2,107.87,74.16,3.38005,0.148335,0.0338005,0.00148335,0.02,0.00
1695,107.472,73.9132,3.39012,0.152767,0.0339012,0.00152767,0.02,0.00
1699.8,107.077,73.668,3.4,0.157219,0.034,0.00157219,0.02,0.00
1705.2,106.684,73.4244,3.4097,0.161688,0.034097,0.00161688,0.02,0.00
1710,106.294,73.1824,3.41922,0.166172,0.0341922,0.00166172,0.02,0.00
1714.8,105.906,72.9419,3.42856,0.17067,0.0342856,0.0017067,0.02,0.00
1720.2,105.52,72.703,3.43772,0.175179,0.0343772,0.00175179,0.02,0.00
1725,105.136,72.4657,3.44672,0.179699,0.0344672,0.00179699,0.02,0.00
1729.8,104.755,72.23,3.45556,0.184226,0.0345556,0.00184226,0.02,0.00
1735.2,104.377,71.9958,3.46423,0.188759,0.0346423,0.00188759,0.02,0.00
1740,104,71.7632,3.47274,0.193297,0.0347274,0.00193297,0.02,0.00
1744.8,103.626,71.5321,3.48109,0.197838,0.0348109,0.00197838,0.02,0.00
1750.2,103.254,71.3025,3.48929,0.20238,0.0348929,0.0020238,0.02,0.00
1755,102.884,71.0744,3.49734,0.206921,0.0349734,0.00206921,0.02,0.00
1759.8,102.516,70.8478,3.50524,0.211461,0.0350524,0.00211461,0.02,0.00
1765.2,102.151,70.6227,3.51299,0.215998,0.0351299,0.00215998,0.02,0.00
1770,101.787,70.399,3.52061,0.22053,0.0352061,0.0022053,0.02,0.00
1774.8,101.426,70.1768,3.52808,0.225056,0.0352808,0.00225056,0.02,0.00
1780.2,101.066,69.956,3.53541,0.229574,0.0353541,0.00229574,0.02,0.00
1785,100.709,69.7366,3.54261,0.234084,0.0354261,0.00234084,0.02,0.00
1789.8,100.353,69.5187,3.54968,0.238583,0.0354968,0.00238583,0.02,0.00
1795.2,100,69.302,3.55662,0.243072,0.0355662,0.00243072,0.02,0.00
1800,99.6487,69.0868,3.56343,0.247548,0.0356343,0.00247548,0.02,0.00
1804.8,99.2994,68.8729,3.57011,0.25201,0.0357011,0.0025201,0.02,0.00
1810.2,98.9519,68.6604,3.57668,0.256458,0.0357668,0.00256458,0.02,0.00
1815,98.6065,68.4492,3.58312,0.26089,0.0358312,0.0026089,0.02,0.00
1819.8,98.2629,68.2392,3.58944,0.265305,0.0358944,0.00265305,0.02,0.00
1825.2,97.9212,68.0305,3.59565,0.269703,0.0359565,0.00269703,0.02,0.00
1830,97.5815,67.8232,3.60174,0.274082,0.0360174,0.00274082,0.02,0.00
1834.8,97.2435,67.617,3.60772,0.278441,0.0360772,0.00278441,0.02,0.00
1840.2,96.9075,67.4122,3.6136,0.282779,0.036136,0.00282779,0.02,0.00
1845,96.5732,67.2085,3.61936,0.287096,0.0361936,0.00287096,0.02,0.00
1849.8,96.2411,67.0061,3.62502,0.291391,0.0362502,0.00291391,0.02,0.00
1855.2,95.9109,66.8049,3.63057,0.295663,0.0363057,0.00295663,0.02,0.00
1860,95.5826,66.605,3.63602,0.299911,0.0363602,0.00299911,0.02,0.00
1864.8,95.256,66.4061,3.64137,0.304134,0.0364137,0.00304134,0.02,0.00
1870.2,94.9313,66.2084,3.64662,0.308332,0.0364662,0.00308332,0.02,0.00
1875,94.6084,66.0118,3.65178,0.312505,0.0365178,0.00312505,0.02,0.00
1879.8,94.2872,65.8164,3.65684,0.316651,0.0365684,0.00316651,0.02,0.00
1885.2,93.9679,65.6221,3.66181,0.32077,0.0366181,0.0032077,0.02,0.00
1890,93.6503,65.4289,3.66668,0.324861,0.0366668,0.00324861,0.02,0.00
1894.8,93.3345,65.2368,3.67147,0.328924,0.0367147,0.00328924,0.02,0.00
1900.2,93.0204,65.0458,3.67617,0.332959,0.0367617,0.00332959,0.02,0.00
1905,92.708,64.8559,3.68078,0.336964,0.0368078,0.00336964,0.02,0.00
1909.8,92.3972,64.667,3.68531,0.34094,0.0368531,0.0034094,0.02,0.00
1915.2,92.0882,64.4791,3.68976,0.344886,0.0368976,0.00344886,0.02,0.00
1920,91.7806,64.2916,3.69412,0.348801,0.0369412,0.00348801,0.02,0.00
1924.8,91.4747,64.1051,3.69841,0.352685,0.0369841,0.00352685,0.02,0.00
1930.2,91.1704,63.9194,3.70261,0.356538,0.0370261,0.00356538,0.02,0.00
1935,90.8677,63.7345,3.70675,0.360359,0.0370675,0.00360359,0.02,0.00
1939.8,90.5664,63.5504,3.71081,0.364147,0.0371081,0.00364147,0.02,0.00
1945.2,90.2667,63.3672,3.71479,0.367902,0.0371479,0.00367902,0.02,0.00
1950,89.9685,63.1849,3.71871,0.371624,0.0371871,0.00371624,0.02,0.00
1954.8,89.6718,63.0035,3.72255,0.375312,0.0372255,0.00375312,0.02,0.00
1960.2,89.3765,62.8231,3.72633,0.378967,0.0372633,0.00378967,0.02,0.00
1965,89.0828,62.6437,3.73003,0.382587,0.0373003,0.00382587,0.02,0.00
1969.8,88.7905,62.4653,3.73367,0.386172,0.0373367,0.00386172,0.02,0.00
1975.2,88.4997,62.2879,3.73725,0.389723,0.0373725,0.00389723,0.02,0.00
1980,88.2104,62.1116,3.74076,0.393239,0.0374076,0.00393239,0.02,0.00
1984.8,87.9224,61.9364,3.7442,0.396719,0.037442,0.00396719,0.02,0.00
1990.2,87.6359,61.7623,3.74759,0.400164,0.0374759,0.00400164,0.02,0.00
1995,87.3508,61.5892,3.75091,0.403573,0.0375091,0.00403573,0.02,0.00
1999.8,87.0672,61.4173,3.75417,0.406947,0.0375417,0.00406947,0.02,0.00
2005.2,86.7849,61.2464,3.75738,0.410285,0.0375738,0.00410285,0.02,0.00
2010,86.504,61.0767,3.76052,0.413587,0.0376052,0.00413587,0.02,0.00
2014.8,86.2245,60.908,3.76361,0.416853,0.0376361,0.00416853,0.02,0.00
2020.2,85.9463,60.7405,3.76665,0.420083,0.0376665,0.00420083,0.02,0.00
2025,85.6697,60.5741,3.76963,0.423277,0.0376963,0.00423277,0.02,0.00
2029.8,85.3942,60.4088,3.77256,0.426435,0.0377256,0.00426435,0.02,0.00
2035.2,85.1202,60.2445,3.77543,0.429557,0.0377543,0.00429557,0.02,0.00
2040,84.8475,60.0815,3.77825,0.432643,0.0377825,0.00432643,0.02,0.00
2044.8,84.5761,59.9194,3.78102,0.435693,0.0378102,0.00435693,0.02,0.00
2050.2,84.3061,59.7585,3.78375,0.438707,0.0378375,0.00438707,0.02,0.00
2055,84.0373,59.5986,3.78642,0.441685,0.0378642,0.00441685,0.02,0.00
2059.8,83.7699,59.4399,3.78904,0.444627,0.0378904,0.00444627,0.02,0.00
2065.2,83.5037,59.2821,3.79162,0.447534,0.0379162,0.00447534,0.02,0.00
2070,83.2389,59.1255,3.79415,0.450405,0.0379415,0.00450405,0.02,0.00
2074.8,82.9754,58.9699,3.79664,0.453241,0.0379664,0.00453241,0.02,0.00
2080.2,82.713,58.8153,3.79908,0.456041,0.0379908,0.00456041,0.02,0.00
2085,82.452,58.6617,3.80148,0.458806,0.0380148,0.00458806,0.02,0.00
2089.8,82.1923,58.5092,3.80384,0.461537,0.0380384,0.00461537,0.02,0.00
2095.2,81.9338,58.3577,3.80615,0.464232,0.0380615,0.00464232,0.02,0.00
2100,81.6765,58.2072,3.80842,0.466893,0.0380842,0.00466893,0.02,0.00
2104.8,81.4205,58.0576,3.81065,0.469519,0.0381065,0.00469519,0.02,0.00
2110.2,81.1657,57.9092,3.81284,0.472111,0.0381284,0.00472111,0.02,0.00
2115,80.9122,57.7617,3.81499,0.474669,0.0381499,0.00474669,0.02,0.00
2119.8,80.6599,57.6151,3.8171,0.477193,0.038171,0.00477193,0.02,0.00
2125.2,80.4087,57.4694,3.81918,0.479684,0.0381918,0.00479684,0.02,0.00
2130,80.1589,57.3248,3.82122,0.482141,0.0382122,0.00482141,0.02,0.00
2134.8,79.9103,57.1811,3.82322,0.484564,0.0382322,0.00484564,0.02,0.00
2140.2,79.6627,57.0383,3.82518,0.486955,0.0382518,0.00486955,0.02,0.00
2145,79.4164,56.8964,3.82711,0.489313,0.0382711,0.00489313,0.02,0.00
2149.8,79.1714,56.7555,3.82901,0.491639,0.0382901,0.00491639,0.02,0.00
2155.2,78.9275,56.6155,3.83087,0.493932,0.0383087,0.00493932,0.02,0.00
2160,78.6847,56.4763,3.8327,0.496194,0.038327,0.00496194,0.02,0.00
2164.8,78.4431,56.338,3.83449,0.498424,0.0383449,0.00498424,0.02,0.00
2170.2,78.2027,56.2006,3.83625,0.500622,0.0383625,0.00500622,0.02,0.00
2175,77.9635,56.0641,3.83798,0.502789,0.0383798,0.00502789,0.02,0.00
2179.8,77.7253,55.9284,3.83968,0.504925,0.0383968,0.00504925,0.02,0.00
2185.2,77.4883,55.7936,3.84135,0.50703,0.0384135,0.0050703,0.02,0.00
2190,77.2525,55.6597,3.84299,0.509105,0.0384299,0.00509105,0.02,0.00
2194.8,77.0179,55.5265,3.8446,0.51115,0.038446,0.0051115,0.02,0.00
2200.2,76.7842,55.3942,3.84618,0.513166,0.0384618,0.00513166,0.02,0.00
2205,76.5517,55.2627,3.84774,0.515151,0.0384774,0.00515151,0.02,0.00
2209.8,76.3205,55.132,3.84926,0.517108,0.0384926,0.00517108,0.02,0.00
2215.2,76.0903,55.0021,3.85076,0.519035,0.0385076,0.00519035,0.02,0.00
2220,75.8611,54.873,3.85223,0.520934,0.0385223,0.00520934,0.02,0.00
2224.8,75.633,54.7446,3.85367,0.522804,0.0385367,0.00522804,0.02,0.00
2230.2,75.4061,54.6171,3.85509,0.524646,0.0385509,0.00524646,0.02,0.00
2235,75.1803,54.4903,3.85648,0.52646,0.0385648,0.0052646,0.02,0.00
2239.8,74.9555,54.3643,3.85785,0.528247,0.0385785,0.00528247,0.02,0.00
2245.2,74.7317,54.2389,3.85919,0.530007,0.0385919,0.00530007,0.02,0.00
2250,74.5091,54.1144,3.86051,0.531739,0.0386051,0.00531739,0.02,0.00
2254.8,74.2876,53.9906,3.8618,0.533445,0.038618,0.00533445,0.02,0.00
2260.2,74.067,53.8675,3.86308,0.535125,0.0386308,0.00535125,0.02,0.00
2265,73.8475,53.7451,3.86432,0.536778,0.0386432,0.00536778,0.02,0.00
2269.8,73.6291,53.6235,3.86555,0.538406,0.0386555,0.00538406,0.02,0.00
2275.2,73.4118,53.5026,3.86675,0.540008,0.0386675,0.00540008,0.02,0.00
2280,73.1954,53.3823,3.86794,0.541585,0.0386794,0.00541585,0.02,0.00
2284.8,72.98,53.2627,3.8691,0.543137,0.038691,0.00543137,0.02,0.00
2290.2,72.7658,53.1438,3.87024,0.544665,0.0387024,0.00544665,0.02,0.00
2295,72.5526,53.0257,3.87135,0.546168,0.0387135,0.00546168,0.02,0.00
2299.8,72.3403,52.9081,3.87245,0.547646,0.0387245,0.00547646,0.02,0.00
2305.2,72.129,52.7912,3.87353,0.549101,0.0387353,0.00549101,0.02,0.00
2310,71.9188,52.675,3.87459,0.550533,0.0387459,0.00550533,0.02,0.00
2314.8,71.7096,52.5595,3.87563,0.551941,0.0387563,0.00551941,0.02,0.00
2320.2,71.5013,52.4445,3.87665,0.553327,0.0387665,0.00553327,0.02,0.00
2325,71.294,52.3302,3.87765,0.554689,0.0387765,0.00554689,0.02,0.00
2329.8,71.0877,52.2166,3.87864,0.55603,0.0387864,0.0055603,0.02,0.00
2335.2,70.8824,52.1036,3.87961,0.557348,0.0387961,0.00557348,0.02,0.00
2340,70.6781,51.9912,3.88055,0.558644,0.0388055,0.00558644,0.02,0.00
2344.8,70.4747,51.8794,3.88149,0.559919,0.0388149,0.00559919,0.02,0.00
2350.2,70.2723,51.7682,3.8824,0.561172,0.038824,0.00561172,0.02,0.00
2355,70.0709,51.6576,3.8833,0.562404,0.038833,0.00562404,0.02,0.00
2359.8,69.8704,51.5476,3.88418,0.563616,0.0388418,0.00563616,0.02,0.00
2365.2,69.6708,51.4382,3.88505,0.564807,0.0388505,0.00564807,0.02,0.00
2370,69.4723,51.3294,3.8859,0.565977,0.038859,0.00565977,0.02,0.00
2374.8,69.2746,51.2212,3.88673,0.567128,0.0388673,0.00567128,0.02,0.00
2380.2,69.0779,51.1136,3.88755,0.568259,0.0388755,0.00568259,0.02,0.00
2385,68.882,51.0065,3.88836,0.56937,0.0388836,0.0056937,0.02,0.00
2389.8,68.6872,50.9,3.88915,0.570462,0.0388915,0.00570462,0.02,0.00
2395.2,68.4933,50.794,3.88992,0.571536,0.0388992,0.00571536,0.02,0.00
2400,68.3002,50.6886,3.89068,0.57259,0.0389068,0.0057259,0.02,0.00
2404.8,68.108,50.5838,3.89143,0.573626,0.0389143,0.00573626,0.02,0.00
2410.2,67.9169,50.4795,3.89216,0.574643,0.0389216,0.00574643,0.02,0.00
2415,67.7266,50.3757,3.89288,0.575643,0.0389288,0.00575643,0.02,0.00
2419.8,67.5371,50.2725,3.89359,0.576625,0.0389359,0.00576625,0.02,0.00
2425.2,67.3485,50.1698,3.89428,0.577589,0.0389428,0.00577589,0.02,0.00
2430,67.1609,50.0676,3.89497,0.578536,0.0389497,0.00578536,0.02,0.00
2434.8,66.9742,49.966,3.89563,0.579465,0.0389563,0.00579465,0.02,0.00
2440.2,66.7883,49.8649,3.89629,0.580378,0.0389629,0.00580378,0.02,0.00
2445,66.6032,49.7643,3.89694,0.581275,0.0389694,0.00581275,0.02,0.00
2449.8,66.4191,49.6642,3.89757,0.582154,0.0389757,0.00582154,0.02,0.00
2455.2,66.2359,49.5646,3.89819,0.583018,0.0389819,0.00583018,0.02,0.00
2460,66.0534,49.4655,3.8988,0.583866,0.038988,0.00583866,0.02,0.00
2464.8,65.8718,49.3669,3.8994,0.584698,0.038994,0.00584698,0.02,0.00
2470.2,65.6911,49.2688,3.89999,0.585514,0.0389999,0.00585514,0.02,0.00
2475,65.5113,49.1713,3.90056,0.586315,0.0390056,0.00586315,0.02,0.00
2479.8,65.3322,49.0741,3.90113,0.587101,0.0390113,0.00587101,0.02,0.00
2485.2,65.154,48.9775,3.90168,0.587872,0.0390168,0.00587872,0.02,0.00
2490,64.9767,48.8813,3.90223,0.588628,0.0390223,0.00588628,0.02,0.00
2494.8,64.8002,48.7857,3.90276,0.58937,0.0390276,0.0058937,0.02,0.00
2500.2,64.6245,48.6905,3.90329,0.590098,0.0390329,0.00590098,0.02,0.00
2505,64.4496,48.5957,3.9038,0.590811,0.039038,0.00590811,0.02,0.00
2509.8,64.2755,48.5014,3.90431,0.591511,0.0390431,0.00591511,0.02,0.00
2515.2,64.1023,48.4076,3.90481,0.592196,0.0390481,0.00592196,0.02,0.00
2520,63.9298,48.3143,3.90529,0.592869,0.0390529,0.00592869,0.02,0.00
2524.8,63.7582,48.2214,3.90577,0.593528,0.0390577,0.00593528,0.02,0.00
2530.2,63.5874,48.1289,3.90624,0.594173,0.0390624,0.00594173,0.02,0.00
2535,63.4174,48.0369,3.9067,0.594806,0.039067,0.00594806,0.02,0.00
2539.8,63.2481,47.9454,3.90716,0.595426,0.0390716,0.00595426,0.02,0.00
2545.2,63.0796,47.8542,3.9076,0.596034,0.039076,0.00596034,0.02,0.00
2550,62.912,47.7636,3.90803,0.596629,0.0390803,0.00596629,0.02,0.00
2554.8,62.7451,47.6733,3.90846,0.597212,0.0390846,0.00597212,0.02,0.00
2560.2,62.579,47.5835,3.90888,0.597782,0.0390888,0.00597782,0.02,0.00
2565,62.4136,47.4941,3.90929,0.598341,0.0390929,0.00598341,0.02,0.00
2569.8,62.249,47.4052,3.9097,0.598888,0.039097,0.00598888,0.02,0.00
2575.2,62.0853,47.3167,3.91009,0.599424,0.0391009,0.00599424,0.02,0.00
2580,61.9222,47.2285,3.91048,0.599948,0.0391048,0.00599948,0.02,0.00
2584.8,61.7599,47.1408,3.91086,0.60046,0.0391086,0.0060046,0.02,0.00
2590.2,61.5983,47.0536,3.91124,0.600962,0.0391124,0.00600962,0.02,0.00
2595,61.4376,46.9667,3.91161,0.601453,0.0391161,0.00601453,0.02,0.00
2599.8,61.2775,46.8802,3.91197,0.601933,0.0391197,0.00601933,0.02,0.00
2605.2,61.1182,46.7942,3.91232,0.602403,0.0391232,0.00602403,0.02,0.00
2610,60.9596,46.7085,3.91267,0.602862,0.0391267,0.00602862,0.02,0.00
2614.8,60.8018,46.6233,3.91301,0.60331,0.0391301,0.0060331,0.02,0.00
2620.2,60.6447,46.5384,3.91334,0.603749,0.0391334,0.00603749,0.02,0.00
2625,60.4883,46.4539,3.91367,0.604177,0.0391367,0.00604177,0.02,0.00
2629.8,60.3327,46.3699,3.91399,0.604596,0.0391399,0.00604596,0.02,0.00
2635.2,60.1777,46.2862,3.91431,0.605005,0.0391431,0.00605005,0.02,0.00
2640,60.0235,46.2029,3.91462,0.605404,0.0391462,0.00605404,0.02,0.00
2644.8,59.87,46.12,3.91492,0.605794,0.0391492,0.00605794,0.02,0.00
2650.2,59.7172,46.0375,3.91522,0.606175,0.0391522,0.00606175,0.02,0.00
2655,59.5651,45.9554,3.91551,0.606546,0.0391551,0.00606546,0.02,0.00
2659.8,59.4137,45.8736,3.9158,0.606909,0.039158,0.00606909,0.02,0.00
2665.2,59.263,45.7922,3.91608,0.607262,0.0391608,0.00607262,0.02,0.00
2670,59.113,45.7112,3.91636,0.607607,0.0391636,0.00607607,0.02,0.00
2674.8,58.9637,45.6306,3.91663,0.607943,0.0391663,0.00607943,0.02,0.00
2680.2,58.8151,45.5503,3.9169,0.60827,0.039169,0.0060827,0.02,0.00
2685,58.6671,45.4704,3.91716,0.60859,0.0391716,0.0060859,0.02,0.00
2689.8,58.5199,45.3908,3.91741,0.6089,0.0391741,0.006089,0.02,0.00
2695.2,58.3733,45.3117,3.91766,0.609203,0.0391766,0.00609203,0.02,0.00
2700,58.2274,45.2328,3.91791,0.609498,0.0391791,0.00609498,0.02,0.00
2704.8,58.0821,45.1543,3.91815,0.609784,0.0391815,0.00609784,0.02,0.00
2710.2,57.9375,45.0762,3.91839,0.610063,0.0391839,0.00610063,0.02,0.00
